,YearEnd,LocationDesc,Race/Ethnicity,Physical_Percentage,Obesity_Percentage,Soda_Percentage,PanelID,Production_diff,Production_diff_lag_1,Production_diff_lag_2,Production_diff_lag_3
0,2009,Alaska,2 or more races,16.8,16.5,19.9,0,-592.3000000000002,198.69999999999982,150.40000000000055,31.5
1,2011,Alaska,2 or more races,17.0,13.7,17.5,0,133.79999999999927,-592.3000000000002,351.3000000000002,198.69999999999982
2,2013,Alaska,2 or more races,14.1,17.6,15.9,0,-169.0,133.79999999999927,-79.5,-592.3000000000002
3,2015,Alaska,2 or more races,15.2,17.3,11.1,0,-96.5,-169.0,178.5000000000009,133.79999999999927
4,2017,Alaska,2 or more races,17.6,21.7,11.6,0,8.300000000000182,-96.5,-156.80000000000018,-169.0
5,2019,Alaska,2 or more races,19.6,21.6,10.9,0,-96.0,8.300000000000182,333.89999999999964,-96.5
6,2015,Arkansas,2 or more races,18.6,14.6,29.0,1,-96.5,-169.0,178.5000000000009,133.79999999999927
7,2015,Connecticut,2 or more races,14.1,20.2,15.6,2,-96.5,-169.0,178.5000000000009,133.79999999999927
8,2017,Connecticut,2 or more races,11.7,13.1,14.8,2,8.300000000000182,-96.5,-156.80000000000018,-169.0
9,2007,Delaware,2 or more races,19.8,21.7,39.2,3,198.69999999999982,31.5,-278.6999999999998,-83.60000000000036
10,2009,Delaware,2 or more races,23.9,19.4,28.4,3,-592.3000000000002,198.69999999999982,150.40000000000055,31.5
11,2011,Delaware,2 or more races,29.3,14.4,27.9,3,133.79999999999927,-592.3000000000002,351.3000000000002,198.69999999999982
12,2013,Delaware,2 or more races,12.6,21.1,26.3,3,-169.0,133.79999999999927,-79.5,-592.3000000000002
13,2015,Delaware,2 or more races,12.3,24.2,18.1,3,-96.5,-169.0,178.5000000000009,133.79999999999927
14,2009,Florida,2 or more races,26.8,16.9,29.7,4,-592.3000000000002,198.69999999999982,150.40000000000055,31.5
15,2011,Florida,2 or more races,19.8,12.2,22.6,4,133.79999999999927,-592.3000000000002,351.3000000000002,198.69999999999982
16,2013,Florida,2 or more races,26.9,14.5,26.0,4,-169.0,133.79999999999927,-79.5,-592.3000000000002
17,2015,Florida,2 or more races,25.4,15.1,19.8,4,-96.5,-169.0,178.5000000000009,133.79999999999927
18,2017,Florida,2 or more races,28.3,11.8,16.9,4,8.300000000000182,-96.5,-156.80000000000018,-169.0
19,2019,Florida,2 or more races,18.7,15.5,13.1,4,-96.0,8.300000000000182,333.89999999999964,-96.5
20,2015,Guam,2 or more races,8.4,20.0,12.5,5,-96.5,-169.0,178.5000000000009,133.79999999999927
21,2017,Guam,2 or more races,5.2,14.9,16.0,5,8.300000000000182,-96.5,-156.80000000000018,-169.0
22,2019,Guam,2 or more races,7.2,14.6,9.7,5,-96.0,8.300000000000182,333.89999999999964,-96.5
23,2007,Hawaii,2 or more races,6.9,15.8,18.8,6,198.69999999999982,31.5,-278.6999999999998,-83.60000000000036
24,2009,Hawaii,2 or more races,6.5,13.8,19.1,6,-592.3000000000002,198.69999999999982,150.40000000000055,31.5
25,2011,Hawaii,2 or more races,6.2,15.5,15.1,6,133.79999999999927,-592.3000000000002,351.3000000000002,198.69999999999982
26,2013,Hawaii,2 or more races,7.1,13.7,13.6,6,-169.0,133.79999999999927,-79.5,-592.3000000000002
27,2015,Hawaii,2 or more races,4.5,13.0,11.9,6,-96.5,-169.0,178.5000000000009,133.79999999999927
28,2017,Hawaii,2 or more races,4.4,14.9,7.7,6,8.300000000000182,-96.5,-156.80000000000018,-169.0
29,2019,Hawaii,2 or more races,3.8,13.0,6.7,6,-96.0,8.300000000000182,333.89999999999964,-96.5
30,2009,Illinois,2 or more races,63.6,10.9,37.1,7,-592.3000000000002,198.69999999999982,150.40000000000055,31.5
31,2011,Illinois,2 or more races,72.5,16.2,18.9,7,133.79999999999927,-592.3000000000002,351.3000000000002,198.69999999999982
32,2015,Illinois,2 or more races,68.1,17.7,8.7,7,-96.5,-169.0,178.5000000000009,133.79999999999927
33,2017,Illinois,2 or more races,70.6,20.4,10.3,7,8.300000000000182,-96.5,-156.80000000000018,-169.0
34,2011,Indiana,2 or more races,20.3,17.7,27.7,8,133.79999999999927,-592.3000000000002,351.3000000000002,198.69999999999982
35,2015,Indiana,2 or more races,34.5,11.0,20.5,8,-96.5,-169.0,178.5000000000009,133.79999999999927
36,2009,Kansas,2 or more races,15.5,12.2,40.1,9,-592.3000000000002,198.69999999999982,150.40000000000055,31.5
37,2013,Kansas,2 or more races,22.8,19.1,23.0,9,-169.0,133.79999999999927,-79.5,-592.3000000000002
38,2017,Kansas,2 or more races,26.0,22.7,12.6,9,8.300000000000182,-96.5,-156.80000000000018,-169.0
39,2015,Kentucky,2 or more races,31.1,22.7,26.3,10,-96.5,-169.0,178.5000000000009,133.79999999999927
40,2009,Maryland,2 or more races,14.7,12.5,29.6,11,-592.3000000000002,198.69999999999982,150.40000000000055,31.5
41,2011,Maryland,2 or more races,21.8,15.2,23.1,11,133.79999999999927,-592.3000000000002,351.3000000000002,198.69999999999982
42,2013,Maryland,2 or more races,17.7,14.4,17.4,11,-169.0,133.79999999999927,-79.5,-592.3000000000002
43,2015,Maryland,2 or more races,15.8,15.6,17.3,11,-96.5,-169.0,178.5000000000009,133.79999999999927
44,2017,Maryland,2 or more races,14.6,16.0,14.1,11,8.300000000000182,-96.5,-156.80000000000018,-169.0
45,2019,Maryland,2 or more races,15.4,16.7,12.7,11,-96.0,8.300000000000182,333.89999999999964,-96.5
46,2007,Massachusetts,2 or more races,31.1,10.5,26.2,12,198.69999999999982,31.5,-278.6999999999998,-83.60000000000036
47,2011,Massachusetts,2 or more races,21.1,25.4,17.8,12,133.79999999999927,-592.3000000000002,351.3000000000002,198.69999999999982
48,2013,Massachusetts,2 or more races,18.7,9.3,17.5,12,-169.0,133.79999999999927,-79.5,-592.3000000000002
49,2015,Massachusetts,2 or more races,23.7,21.9,19.4,12,-96.5,-169.0,178.5000000000009,133.79999999999927
50,2017,Massachusetts,2 or more races,16.0,16.5,14.2,12,8.300000000000182,-96.5,-156.80000000000018,-169.0
51,2007,Michigan,2 or more races,36.4,16.9,17.1,13,198.69999999999982,31.5,-278.6999999999998,-83.60000000000036
52,2009,Michigan,2 or more races,34.2,19.4,34.2,13,-592.3000000000002,198.69999999999982,150.40000000000055,31.5
53,2011,Michigan,2 or more races,25.3,25.5,24.6,13,133.79999999999927,-592.3000000000002,351.3000000000002,198.69999999999982
54,2013,Michigan,2 or more races,24.3,14.7,22.1,13,-169.0,133.79999999999927,-79.5,-592.3000000000002
55,2015,Michigan,2 or more races,24.7,13.2,14.4,13,-96.5,-169.0,178.5000000000009,133.79999999999927
56,2019,Michigan,2 or more races,19.2,20.9,18.5,13,-96.0,8.300000000000182,333.89999999999964,-96.5
57,2015,Mississippi,2 or more races,27.5,14.6,28.3,14,-96.5,-169.0,178.5000000000009,133.79999999999927
58,2007,Montana,2 or more races,38.9,11.1,31.9,15,198.69999999999982,31.5,-278.6999999999998,-83.60000000000036
59,2011,Montana,2 or more races,35.5,14.7,29.3,15,133.79999999999927,-592.3000000000002,351.3000000000002,198.69999999999982
60,2013,Montana,2 or more races,33.6,16.6,19.4,15,-169.0,133.79999999999927,-79.5,-592.3000000000002
61,2015,Montana,2 or more races,32.4,16.7,16.3,15,-96.5,-169.0,178.5000000000009,133.79999999999927
62,2017,Montana,2 or more races,31.7,20.9,16.6,15,8.300000000000182,-96.5,-156.80000000000018,-169.0
63,2019,Montana,2 or more races,26.9,14.4,11.2,15,-96.0,8.300000000000182,333.89999999999964,-96.5
64,2007,National,2 or more races,25.5,18.5,29.6,16,198.69999999999982,31.5,-278.6999999999998,-83.60000000000036
65,2009,National,2 or more races,29.6,14.2,28.6,16,-592.3000000000002,198.69999999999982,150.40000000000055,31.5
66,2011,National,2 or more races,31.1,15.4,23.2,16,133.79999999999927,-592.3000000000002,351.3000000000002,198.69999999999982
67,2013,National,2 or more races,31.2,12.3,24.5,16,-169.0,133.79999999999927,-79.5,-592.3000000000002
68,2015,National,2 or more races,29.7,15.5,24.0,16,-96.5,-169.0,178.5000000000009,133.79999999999927
69,2017,National,2 or more races,27.9,13.8,18.1,16,8.300000000000182,-96.5,-156.80000000000018,-169.0
70,2019,National,2 or more races,25.6,18.5,13.4,16,-96.0,8.300000000000182,333.89999999999964,-96.5
71,2011,Nebraska,2 or more races,29.0,16.6,26.2,17,133.79999999999927,-592.3000000000002,351.3000000000002,198.69999999999982
72,2013,Nevada,2 or more races,25.1,13.5,11.6,18,-169.0,133.79999999999927,-79.5,-592.3000000000002
73,2017,Nevada,2 or more races,22.6,18.2,13.2,18,8.300000000000182,-96.5,-156.80000000000018,-169.0
74,2019,Nevada,2 or more races,15.6,10.6,6.1,18,-96.0,8.300000000000182,333.89999999999964,-96.5
75,2011,New Mexico,2 or more races,27.3,14.5,28.3,19,133.79999999999927,-592.3000000000002,351.3000000000002,198.69999999999982
76,2013,New Mexico,2 or more races,28.2,11.4,19.6,19,-169.0,133.79999999999927,-79.5,-592.3000000000002
77,2015,New Mexico,2 or more races,29.3,15.8,19.8,19,-96.5,-169.0,178.5000000000009,133.79999999999927
78,2017,New Mexico,2 or more races,26.7,14.4,21.1,19,8.300000000000182,-96.5,-156.80000000000018,-169.0
79,2019,New Mexico,2 or more races,18.4,15.5,18.6,19,-96.0,8.300000000000182,333.89999999999964,-96.5
80,2007,New York,2 or more races,8.3,16.9,21.7,20,198.69999999999982,31.5,-278.6999999999998,-83.60000000000036
81,2009,New York,2 or more races,7.5,21.0,28.9,20,-592.3000000000002,198.69999999999982,150.40000000000055,31.5
82,2011,New York,2 or more races,25.1,13.2,20.6,20,133.79999999999927,-592.3000000000002,351.3000000000002,198.69999999999982
83,2013,New York,2 or more races,19.2,6.4,25.3,20,-169.0,133.79999999999927,-79.5,-592.3000000000002
84,2015,New York,2 or more races,10.9,9.9,11.2,20,-96.5,-169.0,178.5000000000009,133.79999999999927
85,2017,New York,2 or more races,10.6,23.0,8.6,20,8.300000000000182,-96.5,-156.80000000000018,-169.0
86,2019,New York,2 or more races,20.4,13.1,9.8,20,-96.0,8.300000000000182,333.89999999999964,-96.5
87,2007,North Carolina,2 or more races,28.7,13.4,33.2,21,198.69999999999982,31.5,-278.6999999999998,-83.60000000000036
88,2015,North Carolina,2 or more races,27.7,17.4,26.0,21,-96.5,-169.0,178.5000000000009,133.79999999999927
89,2017,North Carolina,2 or more races,30.4,16.0,25.0,21,8.300000000000182,-96.5,-156.80000000000018,-169.0
90,2019,North Carolina,2 or more races,24.2,23.4,18.7,21,-96.0,8.300000000000182,333.89999999999964,-96.5
91,2007,Oklahoma,2 or more races,36.2,13.5,43.8,22,198.69999999999982,31.5,-278.6999999999998,-83.60000000000036
92,2009,Oklahoma,2 or more races,30.9,20.3,31.7,22,-592.3000000000002,198.69999999999982,150.40000000000055,31.5
93,2011,Oklahoma,2 or more races,38.3,14.0,35.0,22,133.79999999999927,-592.3000000000002,351.3000000000002,198.69999999999982
94,2013,Oklahoma,2 or more races,36.3,11.3,31.6,22,-169.0,133.79999999999927,-79.5,-592.3000000000002
95,2015,Oklahoma,2 or more races,32.9,16.1,27.9,22,-96.5,-169.0,178.5000000000009,133.79999999999927
96,2017,Oklahoma,2 or more races,21.2,19.2,18.1,22,8.300000000000182,-96.5,-156.80000000000018,-169.0
97,2019,Oklahoma,2 or more races,22.4,22.0,24.5,22,-96.0,8.300000000000182,333.89999999999964,-96.5
98,2015,Pennsylvania,2 or more races,27.5,26.4,27.4,23,-96.5,-169.0,178.5000000000009,133.79999999999927
99,2017,Pennsylvania,2 or more races,24.0,19.8,14.7,23,8.300000000000182,-96.5,-156.80000000000018,-169.0
100,2007,Rhode Island,2 or more races,25.6,18.6,27.4,24,198.69999999999982,31.5,-278.6999999999998,-83.60000000000036
101,2009,Rhode Island,2 or more races,24.1,23.0,19.5,24,-592.3000000000002,198.69999999999982,150.40000000000055,31.5
102,2011,Rhode Island,2 or more races,22.9,16.8,26.1,24,133.79999999999927,-592.3000000000002,351.3000000000002,198.69999999999982
103,2013,Rhode Island,2 or more races,24.0,17.3,20.5,24,-169.0,133.79999999999927,-79.5,-592.3000000000002
104,2015,Rhode Island,2 or more races,14.7,20.4,11.7,24,-96.5,-169.0,178.5000000000009,133.79999999999927
105,2017,Rhode Island,2 or more races,13.5,17.9,9.1,24,8.300000000000182,-96.5,-156.80000000000018,-169.0
106,2019,South Dakota,2 or more races,20.2,14.3,11.7,25,-96.0,8.300000000000182,333.89999999999964,-96.5
107,2015,Tennessee,2 or more races,28.4,15.3,24.1,26,-96.5,-169.0,178.5000000000009,133.79999999999927
108,2017,Tennessee,2 or more races,30.3,28.9,23.8,26,8.300000000000182,-96.5,-156.80000000000018,-169.0
109,2011,Texas,2 or more races,41.7,11.6,31.3,27,133.79999999999927,-592.3000000000002,351.3000000000002,198.69999999999982
110,2007,Vermont,2 or more races,20.0,17.7,29.0,28,198.69999999999982,31.5,-278.6999999999998,-83.60000000000036
111,2009,Vermont,2 or more races,20.0,18.8,28.8,28,-592.3000000000002,198.69999999999982,150.40000000000055,31.5
112,2011,Vermont,2 or more races,15.7,14.7,14.8,28,133.79999999999927,-592.3000000000002,351.3000000000002,198.69999999999982
113,2013,Virginia,2 or more races,14.9,14.8,23.0,29,-169.0,133.79999999999927,-79.5,-592.3000000000002
114,2015,Virginia,2 or more races,12.3,16.1,17.3,29,-96.5,-169.0,178.5000000000009,133.79999999999927
115,2017,Virginia,2 or more races,10.0,19.8,14.0,29,8.300000000000182,-96.5,-156.80000000000018,-169.0
116,2011,Wisconsin,2 or more races,36.9,17.2,26.1,30,133.79999999999927,-592.3000000000002,351.3000000000002,198.69999999999982
117,2013,Wisconsin,2 or more races,35.2,9.8,17.6,30,-169.0,133.79999999999927,-79.5,-592.3000000000002
118,2009,Wyoming,2 or more races,26.9,12.4,35.5,31,-592.3000000000002,198.69999999999982,150.40000000000055,31.5
119,2011,Wyoming,2 or more races,25.4,10.8,32.9,31,133.79999999999927,-592.3000000000002,351.3000000000002,198.69999999999982
120,2013,Wyoming,2 or more races,27.9,14.8,29.9,31,-169.0,133.79999999999927,-79.5,-592.3000000000002
121,2015,Wyoming,2 or more races,11.8,10.1,27.8,31,-96.5,-169.0,178.5000000000009,133.79999999999927
122,2007,Alaska,American Indian/Alaska Native,18.2,21.6,33.2,32,198.69999999999982,31.5,-278.6999999999998,-83.60000000000036
123,2009,Alaska,American Indian/Alaska Native,23.7,16.0,34.4,32,-592.3000000000002,198.69999999999982,150.40000000000055,31.5
124,2011,Alaska,American Indian/Alaska Native,23.8,17.4,30.8,32,133.79999999999927,-592.3000000000002,351.3000000000002,198.69999999999982
125,2013,Alaska,American Indian/Alaska Native,20.9,13.9,23.0,32,-169.0,133.79999999999927,-79.5,-592.3000000000002
126,2015,Alaska,American Indian/Alaska Native,26.5,16.9,36.5,32,-96.5,-169.0,178.5000000000009,133.79999999999927
127,2017,Alaska,American Indian/Alaska Native,23.5,22.4,20.7,32,8.300000000000182,-96.5,-156.80000000000018,-169.0
128,2019,Alaska,American Indian/Alaska Native,27.4,11.6,18.9,32,-96.0,8.300000000000182,333.89999999999964,-96.5
129,2007,Arizona,American Indian/Alaska Native,21.8,13.1,42.3,33,198.69999999999982,31.5,-278.6999999999998,-83.60000000000036
130,2009,Arizona,American Indian/Alaska Native,50.2,19.3,35.0,33,-592.3000000000002,198.69999999999982,150.40000000000055,31.5
131,2015,Arizona,American Indian/Alaska Native,35.7,19.3,22.0,33,-96.5,-169.0,178.5000000000009,133.79999999999927
132,2013,Maryland,American Indian/Alaska Native,19.2,15.0,25.9,34,-169.0,133.79999999999927,-79.5,-592.3000000000002
133,2015,Maryland,American Indian/Alaska Native,14.4,14.3,22.6,34,-96.5,-169.0,178.5000000000009,133.79999999999927
134,2017,Maryland,American Indian/Alaska Native,17.2,17.9,17.8,34,8.300000000000182,-96.5,-156.80000000000018,-169.0
135,2019,Maryland,American Indian/Alaska Native,17.2,18.1,14.0,34,-96.0,8.300000000000182,333.89999999999964,-96.5
136,2007,Michigan,American Indian/Alaska Native,33.4,16.0,36.7,35,198.69999999999982,31.5,-278.6999999999998,-83.60000000000036
137,2007,Montana,American Indian/Alaska Native,29.7,16.9,30.9,36,198.69999999999982,31.5,-278.6999999999998,-83.60000000000036
138,2011,Montana,American Indian/Alaska Native,31.8,14.0,30.3,36,133.79999999999927,-592.3000000000002,351.3000000000002,198.69999999999982
139,2013,Montana,American Indian/Alaska Native,42.7,18.8,23.9,36,-169.0,133.79999999999927,-79.5,-592.3000000000002
140,2015,Montana,American Indian/Alaska Native,34.5,16.2,23.7,36,-96.5,-169.0,178.5000000000009,133.79999999999927
141,2017,Montana,American Indian/Alaska Native,36.0,21.2,18.9,36,8.300000000000182,-96.5,-156.80000000000018,-169.0
142,2019,Montana,American Indian/Alaska Native,35.8,17.5,15.9,36,-96.0,8.300000000000182,333.89999999999964,-96.5
143,2007,National,American Indian/Alaska Native,33.3,21.1,37.7,37,198.69999999999982,31.5,-278.6999999999998,-83.60000000000036
144,2009,National,American Indian/Alaska Native,27.0,21.0,32.5,37,-592.3000000000002,198.69999999999982,150.40000000000055,31.5
145,2011,National,American Indian/Alaska Native,31.6,21.2,35.8,37,133.79999999999927,-592.3000000000002,351.3000000000002,198.69999999999982
146,2013,National,American Indian/Alaska Native,24.2,22.8,33.8,37,-169.0,133.79999999999927,-79.5,-592.3000000000002
147,2015,National,American Indian/Alaska Native,37.4,12.7,21.8,37,-96.5,-169.0,178.5000000000009,133.79999999999927
148,2017,National,American Indian/Alaska Native,38.6,11.0,32.1,37,8.300000000000182,-96.5,-156.80000000000018,-169.0
149,2007,New Mexico,American Indian/Alaska Native,29.1,17.3,27.7,38,198.69999999999982,31.5,-278.6999999999998,-83.60000000000036
150,2009,New Mexico,American Indian/Alaska Native,31.6,21.1,35.4,38,-592.3000000000002,198.69999999999982,150.40000000000055,31.5
151,2011,New Mexico,American Indian/Alaska Native,40.2,21.1,30.9,38,133.79999999999927,-592.3000000000002,351.3000000000002,198.69999999999982
152,2013,New Mexico,American Indian/Alaska Native,45.5,19.4,25.0,38,-169.0,133.79999999999927,-79.5,-592.3000000000002
153,2015,New Mexico,American Indian/Alaska Native,33.1,18.3,26.2,38,-96.5,-169.0,178.5000000000009,133.79999999999927
154,2017,New Mexico,American Indian/Alaska Native,28.0,18.6,25.0,38,8.300000000000182,-96.5,-156.80000000000018,-169.0
155,2019,New Mexico,American Indian/Alaska Native,27.9,21.1,19.7,38,-96.0,8.300000000000182,333.89999999999964,-96.5
156,2009,New York,American Indian/Alaska Native,13.4,8.5,36.6,39,-592.3000000000002,198.69999999999982,150.40000000000055,31.5
157,2011,New York,American Indian/Alaska Native,30.1,17.5,29.2,39,133.79999999999927,-592.3000000000002,351.3000000000002,198.69999999999982
158,2013,New York,American Indian/Alaska Native,29.6,14.2,15.0,39,-169.0,133.79999999999927,-79.5,-592.3000000000002
159,2015,New York,American Indian/Alaska Native,20.8,18.0,25.4,39,-96.5,-169.0,178.5000000000009,133.79999999999927
160,2017,New York,American Indian/Alaska Native,6.8,18.2,14.7,39,8.300000000000182,-96.5,-156.80000000000018,-169.0
161,2019,North Dakota,American Indian/Alaska Native,27.1,27.3,19.0,40,-96.0,8.300000000000182,333.89999999999964,-96.5
162,2007,Oklahoma,American Indian/Alaska Native,39.5,15.4,47.5,41,198.69999999999982,31.5,-278.6999999999998,-83.60000000000036
163,2011,Oklahoma,American Indian/Alaska Native,34.9,17.5,41.5,41,133.79999999999927,-592.3000000000002,351.3000000000002,198.69999999999982
164,2013,Oklahoma,American Indian/Alaska Native,36.1,17.9,36.8,41,-169.0,133.79999999999927,-79.5,-592.3000000000002
165,2015,Oklahoma,American Indian/Alaska Native,29.0,16.0,33.6,41,-96.5,-169.0,178.5000000000009,133.79999999999927
166,2017,Oklahoma,American Indian/Alaska Native,27.9,20.1,25.8,41,8.300000000000182,-96.5,-156.80000000000018,-169.0
167,2019,Oklahoma,American Indian/Alaska Native,30.2,18.2,30.6,41,-96.0,8.300000000000182,333.89999999999964,-96.5
168,2007,South Dakota,American Indian/Alaska Native,16.0,16.1,31.5,42,198.69999999999982,31.5,-278.6999999999998,-83.60000000000036
169,2011,South Dakota,American Indian/Alaska Native,13.5,17.5,32.6,42,133.79999999999927,-592.3000000000002,351.3000000000002,198.69999999999982
170,2019,South Dakota,American Indian/Alaska Native,16.1,16.5,19.2,42,-96.0,8.300000000000182,333.89999999999964,-96.5
171,2009,Vermont,American Indian/Alaska Native,25.3,22.4,41.5,43,-592.3000000000002,198.69999999999982,150.40000000000055,31.5
172,2011,Vermont,American Indian/Alaska Native,20.3,18.1,27.2,43,133.79999999999927,-592.3000000000002,351.3000000000002,198.69999999999982
173,2011,Wyoming,American Indian/Alaska Native,44.3,18.9,44.8,44,133.79999999999927,-592.3000000000002,351.3000000000002,198.69999999999982
174,2015,Wyoming,American Indian/Alaska Native,31.3,17.8,23.1,44,-96.5,-169.0,178.5000000000009,133.79999999999927
175,2019,Alaska,Asian,10.8,15.0,9.0,45,-96.0,8.300000000000182,333.89999999999964,-96.5
176,2015,California,Asian,34.0,9.9,6.7,46,-96.5,-169.0,178.5000000000009,133.79999999999927
177,2017,California,Asian,33.0,12.1,5.5,46,8.300000000000182,-96.5,-156.80000000000018,-169.0
178,2019,California,Asian,17.4,8.9,7.0,46,-96.0,8.300000000000182,333.89999999999964,-96.5
179,2017,Connecticut,Asian,6.6,19.6,7.8,47,8.300000000000182,-96.5,-156.80000000000018,-169.0
180,2007,Florida,Asian,18.6,9.3,20.6,48,198.69999999999982,31.5,-278.6999999999998,-83.60000000000036
181,2009,Florida,Asian,17.7,4.3,17.9,48,-592.3000000000002,198.69999999999982,150.40000000000055,31.5
182,2011,Florida,Asian,15.0,11.7,18.5,48,133.79999999999927,-592.3000000000002,351.3000000000002,198.69999999999982
183,2013,Florida,Asian,15.3,8.7,12.9,48,-169.0,133.79999999999927,-79.5,-592.3000000000002
184,2015,Florida,Asian,13.4,11.7,10.9,48,-96.5,-169.0,178.5000000000009,133.79999999999927
185,2017,Florida,Asian,16.0,11.2,10.0,48,8.300000000000182,-96.5,-156.80000000000018,-169.0
186,2019,Florida,Asian,22.1,9.3,14.8,48,-96.0,8.300000000000182,333.89999999999964,-96.5
187,2015,Guam,Asian,11.9,20.2,8.4,49,-96.5,-169.0,178.5000000000009,133.79999999999927
188,2017,Guam,Asian,7.3,16.2,8.4,49,8.300000000000182,-96.5,-156.80000000000018,-169.0
189,2019,Guam,Asian,6.2,12.8,7.3,49,-96.0,8.300000000000182,333.89999999999964,-96.5
190,2007,Hawaii,Asian,8.4,13.0,18.9,50,198.69999999999982,31.5,-278.6999999999998,-83.60000000000036
191,2009,Hawaii,Asian,13.5,12.8,18.8,50,-592.3000000000002,198.69999999999982,150.40000000000055,31.5
192,2011,Hawaii,Asian,7.2,13.5,14.6,50,133.79999999999927,-592.3000000000002,351.3000000000002,198.69999999999982
193,2013,Hawaii,Asian,6.9,16.1,13.1,50,-169.0,133.79999999999927,-79.5,-592.3000000000002
194,2015,Hawaii,Asian,7.6,15.3,11.7,50,-96.5,-169.0,178.5000000000009,133.79999999999927
195,2017,Hawaii,Asian,5.9,12.0,9.5,50,8.300000000000182,-96.5,-156.80000000000018,-169.0
196,2019,Hawaii,Asian,6.2,13.0,7.7,50,-96.0,8.300000000000182,333.89999999999964,-96.5
197,2015,Illinois,Asian,70.6,2.7,6.4,51,-96.5,-169.0,178.5000000000009,133.79999999999927
198,2017,Illinois,Asian,76.2,12.1,5.9,51,8.300000000000182,-96.5,-156.80000000000018,-169.0
199,2019,Illinois,Asian,71.0,6.3,8.4,51,-96.0,8.300000000000182,333.89999999999964,-96.5
200,2011,Maryland,Asian,25.0,10.2,18.3,52,133.79999999999927,-592.3000000000002,351.3000000000002,198.69999999999982
201,2013,Maryland,Asian,22.0,9.4,9.7,52,-169.0,133.79999999999927,-79.5,-592.3000000000002
202,2015,Maryland,Asian,18.4,9.8,7.3,52,-96.5,-169.0,178.5000000000009,133.79999999999927
203,2017,Maryland,Asian,21.5,10.8,5.5,52,8.300000000000182,-96.5,-156.80000000000018,-169.0
204,2019,Maryland,Asian,15.2,9.8,5.4,52,-96.0,8.300000000000182,333.89999999999964,-96.5
205,2007,Massachusetts,Asian,19.3,8.0,21.4,53,198.69999999999982,31.5,-278.6999999999998,-83.60000000000036
206,2009,Massachusetts,Asian,22.4,8.5,18.4,53,-592.3000000000002,198.69999999999982,150.40000000000055,31.5
207,2011,Massachusetts,Asian,15.2,10.5,15.7,53,133.79999999999927,-592.3000000000002,351.3000000000002,198.69999999999982
208,2013,Massachusetts,Asian,15.3,7.6,7.4,53,-169.0,133.79999999999927,-79.5,-592.3000000000002
209,2015,Massachusetts,Asian,26.0,12.6,9.6,53,-96.5,-169.0,178.5000000000009,133.79999999999927
210,2017,Massachusetts,Asian,15.5,8.5,3.1,53,8.300000000000182,-96.5,-156.80000000000018,-169.0
211,2019,Massachusetts,Asian,23.5,6.8,8.5,53,-96.0,8.300000000000182,333.89999999999964,-96.5
212,2009,Michigan,Asian,31.7,5.9,18.0,54,-592.3000000000002,198.69999999999982,150.40000000000055,31.5
213,2013,Michigan,Asian,24.9,10.8,9.6,54,-169.0,133.79999999999927,-79.5,-592.3000000000002
214,2015,Michigan,Asian,22.3,10.1,10.9,54,-96.5,-169.0,178.5000000000009,133.79999999999927
215,2019,Michigan,Asian,25.1,12.6,9.0,54,-96.0,8.300000000000182,333.89999999999964,-96.5
216,2007,National,Asian,24.6,13.0,18.5,55,198.69999999999982,31.5,-278.6999999999998,-83.60000000000036
217,2009,National,Asian,34.1,10.9,16.3,55,-592.3000000000002,198.69999999999982,150.40000000000055,31.5
218,2011,National,Asian,28.2,10.8,17.6,55,133.79999999999927,-592.3000000000002,351.3000000000002,198.69999999999982
219,2013,National,Asian,26.4,13.6,12.2,55,-169.0,133.79999999999927,-79.5,-592.3000000000002
220,2015,National,Asian,25.9,11.9,8.9,55,-96.5,-169.0,178.5000000000009,133.79999999999927
221,2017,National,Asian,32.5,13.4,6.7,55,8.300000000000182,-96.5,-156.80000000000018,-169.0
222,2019,National,Asian,27.3,11.0,4.6,55,-96.0,8.300000000000182,333.89999999999964,-96.5
223,2017,Nevada,Asian,26.0,17.2,9.9,56,8.300000000000182,-96.5,-156.80000000000018,-169.0
224,2019,Nevada,Asian,15.8,16.7,4.8,56,-96.0,8.300000000000182,333.89999999999964,-96.5
225,2011,New Jersey,Asian,58.5,15.1,11.8,57,133.79999999999927,-592.3000000000002,351.3000000000002,198.69999999999982
226,2013,New Jersey,Asian,40.9,8.9,4.7,57,-169.0,133.79999999999927,-79.5,-592.3000000000002
227,2013,New Mexico,Asian,12.8,8.3,16.9,58,-169.0,133.79999999999927,-79.5,-592.3000000000002
228,2007,New York,Asian,24.3,8.3,13.3,59,198.69999999999982,31.5,-278.6999999999998,-83.60000000000036
229,2009,New York,Asian,32.3,11.8,13.8,59,-592.3000000000002,198.69999999999982,150.40000000000055,31.5
230,2011,New York,Asian,26.1,11.0,12.0,59,133.79999999999927,-592.3000000000002,351.3000000000002,198.69999999999982
231,2013,New York,Asian,32.5,11.1,10.2,59,-169.0,133.79999999999927,-79.5,-592.3000000000002
232,2015,New York,Asian,29.2,9.8,11.7,59,-96.5,-169.0,178.5000000000009,133.79999999999927
233,2017,New York,Asian,28.2,12.6,7.9,59,8.300000000000182,-96.5,-156.80000000000018,-169.0
234,2019,New York,Asian,25.9,14.9,6.6,59,-96.0,8.300000000000182,333.89999999999964,-96.5
235,2015,North Carolina,Asian,37.8,3.6,2.9,60,-96.5,-169.0,178.5000000000009,133.79999999999927
236,2017,North Carolina,Asian,22.5,20.4,9.6,60,8.300000000000182,-96.5,-156.80000000000018,-169.0
237,2019,North Carolina,Asian,15.9,9.3,11.1,60,-96.0,8.300000000000182,333.89999999999964,-96.5
238,2017,Pennsylvania,Asian,17.1,14.7,7.1,61,8.300000000000182,-96.5,-156.80000000000018,-169.0
239,2009,Rhode Island,Asian,21.4,13.1,21.4,62,-592.3000000000002,198.69999999999982,150.40000000000055,31.5
240,2011,Rhode Island,Asian,35.8,6.0,18.5,62,133.79999999999927,-592.3000000000002,351.3000000000002,198.69999999999982
241,2015,Rhode Island,Asian,22.0,9.9,6.5,62,-96.5,-169.0,178.5000000000009,133.79999999999927
242,2009,Texas,Asian,22.9,14.9,17.3,63,-592.3000000000002,198.69999999999982,150.40000000000055,31.5
243,2011,Texas,Asian,19.3,10.7,10.5,63,133.79999999999927,-592.3000000000002,351.3000000000002,198.69999999999982
244,2009,Vermont,Asian,13.8,11.6,17.9,64,-592.3000000000002,198.69999999999982,150.40000000000055,31.5
245,2011,Vermont,Asian,10.9,8.4,17.4,64,133.79999999999927,-592.3000000000002,351.3000000000002,198.69999999999982
246,2013,Virginia,Asian,6.2,10.1,7.9,65,-169.0,133.79999999999927,-79.5,-592.3000000000002
247,2015,Virginia,Asian,3.1,11.1,8.0,65,-96.5,-169.0,178.5000000000009,133.79999999999927
248,2017,Virginia,Asian,9.1,8.9,5.4,65,8.300000000000182,-96.5,-156.80000000000018,-169.0
249,2011,Wisconsin,Asian,51.8,18.9,17.2,66,133.79999999999927,-592.3000000000002,351.3000000000002,198.69999999999982
250,2013,Wisconsin,Asian,37.5,10.4,6.1,66,-169.0,133.79999999999927,-79.5,-592.3000000000002
251,2015,Guam,Hawaiian/Pacific Islander,10.7,19.7,20.1,67,-96.5,-169.0,178.5000000000009,133.79999999999927
252,2017,Guam,Hawaiian/Pacific Islander,8.4,19.9,23.2,67,8.300000000000182,-96.5,-156.80000000000018,-169.0
253,2019,Guam,Hawaiian/Pacific Islander,12.7,20.9,18.0,67,-96.0,8.300000000000182,333.89999999999964,-96.5
254,2007,Hawaii,Hawaiian/Pacific Islander,5.9,16.4,31.4,68,198.69999999999982,31.5,-278.6999999999998,-83.60000000000036
255,2009,Hawaii,Hawaiian/Pacific Islander,14.3,17.4,22.2,68,-592.3000000000002,198.69999999999982,150.40000000000055,31.5
256,2011,Hawaii,Hawaiian/Pacific Islander,6.8,16.1,21.3,68,133.79999999999927,-592.3000000000002,351.3000000000002,198.69999999999982
257,2013,Hawaii,Hawaiian/Pacific Islander,10.4,15.7,18.7,68,-169.0,133.79999999999927,-79.5,-592.3000000000002
258,2015,Hawaii,Hawaiian/Pacific Islander,7.5,17.6,16.9,68,-96.5,-169.0,178.5000000000009,133.79999999999927
259,2017,Hawaii,Hawaiian/Pacific Islander,7.9,18.3,14.3,68,8.300000000000182,-96.5,-156.80000000000018,-169.0
260,2019,Hawaii,Hawaiian/Pacific Islander,14.5,17.6,13.7,68,-96.0,8.300000000000182,333.89999999999964,-96.5
261,2013,Maryland,Hawaiian/Pacific Islander,16.0,13.5,23.4,69,-169.0,133.79999999999927,-79.5,-592.3000000000002
262,2015,Maryland,Hawaiian/Pacific Islander,17.2,15.1,17.7,69,-96.5,-169.0,178.5000000000009,133.79999999999927
263,2017,Maryland,Hawaiian/Pacific Islander,8.7,15.7,18.0,69,8.300000000000182,-96.5,-156.80000000000018,-169.0
264,2019,Maryland,Hawaiian/Pacific Islander,16.9,15.3,12.8,69,-96.0,8.300000000000182,333.89999999999964,-96.5
265,2009,National,Hawaiian/Pacific Islander,20.6,12.9,31.4,70,-592.3000000000002,198.69999999999982,150.40000000000055,31.5
266,2011,National,Hawaiian/Pacific Islander,27.8,19.4,23.8,70,133.79999999999927,-592.3000000000002,351.3000000000002,198.69999999999982
267,2013,National,Hawaiian/Pacific Islander,41.6,22.8,20.2,70,-169.0,133.79999999999927,-79.5,-592.3000000000002
268,2017,National,Hawaiian/Pacific Islander,23.1,21.5,10.3,70,8.300000000000182,-96.5,-156.80000000000018,-169.0
269,2007,New York,Hawaiian/Pacific Islander,22.8,18.7,23.4,71,198.69999999999982,31.5,-278.6999999999998,-83.60000000000036
270,2009,New York,Hawaiian/Pacific Islander,18.2,3.2,5.7,71,-592.3000000000002,198.69999999999982,150.40000000000055,31.5
271,2011,New York,Hawaiian/Pacific Islander,47.3,14.8,20.5,71,133.79999999999927,-592.3000000000002,351.3000000000002,198.69999999999982
272,2015,New York,Hawaiian/Pacific Islander,25.1,16.7,16.4,71,-96.5,-169.0,178.5000000000009,133.79999999999927
273,2013,Alabama,Hispanic,26.2,13.8,36.2,72,-169.0,133.79999999999927,-79.5,-592.3000000000002
274,2019,Alabama,Hispanic,23.0,22.7,30.8,72,-96.0,8.300000000000182,333.89999999999964,-96.5
275,2007,Alaska,Hispanic,21.1,15.8,21.4,73,198.69999999999982,31.5,-278.6999999999998,-83.60000000000036
276,2009,Alaska,Hispanic,18.9,17.9,17.5,73,-592.3000000000002,198.69999999999982,150.40000000000055,31.5
277,2011,Alaska,Hispanic,17.7,20.6,18.0,73,133.79999999999927,-592.3000000000002,351.3000000000002,198.69999999999982
278,2013,Alaska,Hispanic,17.2,13.4,12.3,73,-169.0,133.79999999999927,-79.5,-592.3000000000002
279,2015,Alaska,Hispanic,9.7,21.8,14.1,73,-96.5,-169.0,178.5000000000009,133.79999999999927
280,2017,Alaska,Hispanic,14.1,15.2,13.0,73,8.300000000000182,-96.5,-156.80000000000018,-169.0
281,2019,Alaska,Hispanic,12.1,15.7,18.0,73,-96.0,8.300000000000182,333.89999999999964,-96.5
282,2007,Arizona,Hispanic,27.6,18.8,28.0,74,198.69999999999982,31.5,-278.6999999999998,-83.60000000000036
283,2009,Arizona,Hispanic,30.5,16.2,26.5,74,-592.3000000000002,198.69999999999982,150.40000000000055,31.5
284,2011,Arizona,Hispanic,30.7,17.1,24.0,74,133.79999999999927,-592.3000000000002,351.3000000000002,198.69999999999982
285,2013,Arizona,Hispanic,23.2,14.2,20.3,74,-169.0,133.79999999999927,-79.5,-592.3000000000002
286,2015,Arizona,Hispanic,23.2,16.8,21.8,74,-96.5,-169.0,178.5000000000009,133.79999999999927
287,2017,Arizona,Hispanic,37.0,19.2,15.1,74,8.300000000000182,-96.5,-156.80000000000018,-169.0
288,2019,Arizona,Hispanic,35.0,20.2,16.1,74,-96.0,8.300000000000182,333.89999999999964,-96.5
289,2007,Arkansas,Hispanic,29.6,12.1,31.7,75,198.69999999999982,31.5,-278.6999999999998,-83.60000000000036
290,2009,Arkansas,Hispanic,25.1,19.9,25.2,75,-592.3000000000002,198.69999999999982,150.40000000000055,31.5
291,2011,Arkansas,Hispanic,17.0,21.3,23.8,75,133.79999999999927,-592.3000000000002,351.3000000000002,198.69999999999982
292,2013,Arkansas,Hispanic,16.3,28.2,25.3,75,-169.0,133.79999999999927,-79.5,-592.3000000000002
293,2015,Arkansas,Hispanic,24.8,17.3,26.3,75,-96.5,-169.0,178.5000000000009,133.79999999999927
294,2017,Arkansas,Hispanic,22.4,23.1,25.0,75,8.300000000000182,-96.5,-156.80000000000018,-169.0
295,2019,Arkansas,Hispanic,13.8,20.8,20.7,75,-96.0,8.300000000000182,333.89999999999964,-96.5
296,2015,California,Hispanic,36.2,19.9,16.3,76,-96.5,-169.0,178.5000000000009,133.79999999999927
297,2017,California,Hispanic,39.2,17.2,15.1,76,8.300000000000182,-96.5,-156.80000000000018,-169.0
298,2019,California,Hispanic,26.1,20.1,18.6,76,-96.0,8.300000000000182,333.89999999999964,-96.5
299,2009,Colorado,Hispanic,17.2,13.9,29.1,77,-592.3000000000002,198.69999999999982,150.40000000000055,31.5
300,2015,Connecticut,Hispanic,14.7,16.1,13.4,78,-96.5,-169.0,178.5000000000009,133.79999999999927
301,2017,Connecticut,Hispanic,12.7,20.5,13.9,78,8.300000000000182,-96.5,-156.80000000000018,-169.0
302,2007,Delaware,Hispanic,28.9,24.4,33.4,79,198.69999999999982,31.5,-278.6999999999998,-83.60000000000036
303,2009,Delaware,Hispanic,25.5,19.4,25.9,79,-592.3000000000002,198.69999999999982,150.40000000000055,31.5
304,2011,Delaware,Hispanic,25.8,19.1,27.3,79,133.79999999999927,-592.3000000000002,351.3000000000002,198.69999999999982
305,2013,Delaware,Hispanic,12.1,18.6,20.9,79,-169.0,133.79999999999927,-79.5,-592.3000000000002
306,2015,Delaware,Hispanic,14.0,16.3,22.8,79,-96.5,-169.0,178.5000000000009,133.79999999999927
307,2007,District of Columbia,Hispanic,10.4,19.3,29.6,80,198.69999999999982,31.5,-278.6999999999998,-83.60000000000036
308,2011,District of Columbia,Hispanic,12.3,22.4,19.8,80,133.79999999999927,-592.3000000000002,351.3000000000002,198.69999999999982
309,2007,Florida,Hispanic,18.5,18.9,27.5,81,198.69999999999982,31.5,-278.6999999999998,-83.60000000000036
310,2009,Florida,Hispanic,21.7,14.9,27.8,81,-592.3000000000002,198.69999999999982,150.40000000000055,31.5
311,2011,Florida,Hispanic,21.2,14.3,25.6,81,133.79999999999927,-592.3000000000002,351.3000000000002,198.69999999999982
312,2013,Florida,Hispanic,20.3,16.0,20.6,81,-169.0,133.79999999999927,-79.5,-592.3000000000002
313,2015,Florida,Hispanic,19.5,15.9,18.7,81,-96.5,-169.0,178.5000000000009,133.79999999999927
314,2017,Florida,Hispanic,19.4,15.0,16.1,81,8.300000000000182,-96.5,-156.80000000000018,-169.0
315,2019,Florida,Hispanic,17.4,18.6,14.8,81,-96.0,8.300000000000182,333.89999999999964,-96.5
316,2007,Georgia,Hispanic,38.3,22.8,26.3,82,198.69999999999982,31.5,-278.6999999999998,-83.60000000000036
317,2009,Georgia,Hispanic,25.2,15.8,20.0,82,-592.3000000000002,198.69999999999982,150.40000000000055,31.5
318,2011,Georgia,Hispanic,23.8,15.2,22.2,82,133.79999999999927,-592.3000000000002,351.3000000000002,198.69999999999982
319,2013,Georgia,Hispanic,37.0,20.7,28.4,82,-169.0,133.79999999999927,-79.5,-592.3000000000002
320,2019,Guam,Hispanic,13.9,11.0,18.9,83,-96.0,8.300000000000182,333.89999999999964,-96.5
321,2007,Hawaii,Hispanic,6.6,17.6,18.2,84,198.69999999999982,31.5,-278.6999999999998,-83.60000000000036
322,2009,Hawaii,Hispanic,10.0,13.6,20.1,84,-592.3000000000002,198.69999999999982,150.40000000000055,31.5
323,2011,Hawaii,Hispanic,6.5,12.8,18.6,84,133.79999999999927,-592.3000000000002,351.3000000000002,198.69999999999982
324,2013,Hawaii,Hispanic,7.9,14.3,15.4,84,-169.0,133.79999999999927,-79.5,-592.3000000000002
325,2015,Hawaii,Hispanic,5.5,17.5,14.0,84,-96.5,-169.0,178.5000000000009,133.79999999999927
326,2017,Hawaii,Hispanic,7.1,18.0,11.1,84,8.300000000000182,-96.5,-156.80000000000018,-169.0
327,2019,Hawaii,Hispanic,6.9,18.0,11.2,84,-96.0,8.300000000000182,333.89999999999964,-96.5
328,2007,Idaho,Hispanic,33.8,14.2,26.9,85,198.69999999999982,31.5,-278.6999999999998,-83.60000000000036
329,2009,Idaho,Hispanic,27.7,15.8,21.6,85,-592.3000000000002,198.69999999999982,150.40000000000055,31.5
330,2011,Idaho,Hispanic,26.6,20.1,21.4,85,133.79999999999927,-592.3000000000002,351.3000000000002,198.69999999999982
331,2013,Idaho,Hispanic,30.1,16.7,22.1,85,-169.0,133.79999999999927,-79.5,-592.3000000000002
332,2015,Idaho,Hispanic,34.0,20.8,15.3,85,-96.5,-169.0,178.5000000000009,133.79999999999927
333,2017,Idaho,Hispanic,31.4,20.3,12.5,85,8.300000000000182,-96.5,-156.80000000000018,-169.0
334,2019,Idaho,Hispanic,24.7,15.2,13.0,85,-96.0,8.300000000000182,333.89999999999964,-96.5
335,2007,Illinois,Hispanic,44.9,19.5,33.0,86,198.69999999999982,31.5,-278.6999999999998,-83.60000000000036
336,2009,Illinois,Hispanic,62.9,20.3,25.9,86,-592.3000000000002,198.69999999999982,150.40000000000055,31.5
337,2011,Illinois,Hispanic,66.3,19.2,22.7,86,133.79999999999927,-592.3000000000002,351.3000000000002,198.69999999999982
338,2013,Illinois,Hispanic,59.7,18.8,19.9,86,-169.0,133.79999999999927,-79.5,-592.3000000000002
339,2015,Illinois,Hispanic,55.9,21.9,17.9,86,-96.5,-169.0,178.5000000000009,133.79999999999927
340,2017,Illinois,Hispanic,61.5,19.9,16.0,86,8.300000000000182,-96.5,-156.80000000000018,-169.0
341,2019,Illinois,Hispanic,57.1,20.7,13.4,86,-96.0,8.300000000000182,333.89999999999964,-96.5
342,2007,Indiana,Hispanic,24.5,22.4,34.4,87,198.69999999999982,31.5,-278.6999999999998,-83.60000000000036
343,2009,Indiana,Hispanic,30.1,17.9,16.6,87,-592.3000000000002,198.69999999999982,150.40000000000055,31.5
344,2011,Indiana,Hispanic,19.6,16.4,19.6,87,133.79999999999927,-592.3000000000002,351.3000000000002,198.69999999999982
345,2015,Indiana,Hispanic,26.2,18.0,14.8,87,-96.5,-169.0,178.5000000000009,133.79999999999927
346,2011,Iowa,Hispanic,32.8,20.1,30.3,88,133.79999999999927,-592.3000000000002,351.3000000000002,198.69999999999982
347,2017,Iowa,Hispanic,12.9,18.2,19.6,88,8.300000000000182,-96.5,-156.80000000000018,-169.0
348,2019,Iowa,Hispanic,20.6,15.5,17.6,88,-96.0,8.300000000000182,333.89999999999964,-96.5
349,2007,Kansas,Hispanic,31.0,18.9,31.9,89,198.69999999999982,31.5,-278.6999999999998,-83.60000000000036
350,2009,Kansas,Hispanic,25.4,13.9,28.3,89,-592.3000000000002,198.69999999999982,150.40000000000055,31.5
351,2011,Kansas,Hispanic,29.6,17.0,22.4,89,133.79999999999927,-592.3000000000002,351.3000000000002,198.69999999999982
352,2013,Kansas,Hispanic,24.8,20.7,18.6,89,-169.0,133.79999999999927,-79.5,-592.3000000000002
353,2017,Kansas,Hispanic,23.9,22.4,13.1,89,8.300000000000182,-96.5,-156.80000000000018,-169.0
354,2019,Kansas,Hispanic,19.0,21.0,16.4,89,-96.0,8.300000000000182,333.89999999999964,-96.5
355,2007,Kentucky,Hispanic,15.1,13.8,37.7,90,198.69999999999982,31.5,-278.6999999999998,-83.60000000000036
356,2013,Kentucky,Hispanic,16.0,17.0,19.6,90,-169.0,133.79999999999927,-79.5,-592.3000000000002
357,2015,Kentucky,Hispanic,23.1,11.8,24.1,90,-96.5,-169.0,178.5000000000009,133.79999999999927
358,2017,Kentucky,Hispanic,19.1,19.9,21.1,90,8.300000000000182,-96.5,-156.80000000000018,-169.0
359,2019,Kentucky,Hispanic,18.1,17.2,17.6,90,-96.0,8.300000000000182,333.89999999999964,-96.5
360,2019,Louisiana,Hispanic,20.9,21.7,20.4,91,-96.0,8.300000000000182,333.89999999999964,-96.5
361,2009,Maryland,Hispanic,16.0,16.7,17.7,92,-592.3000000000002,198.69999999999982,150.40000000000055,31.5
362,2011,Maryland,Hispanic,18.9,15.3,20.9,92,133.79999999999927,-592.3000000000002,351.3000000000002,198.69999999999982
363,2013,Maryland,Hispanic,17.4,18.7,17.7,92,-169.0,133.79999999999927,-79.5,-592.3000000000002
364,2015,Maryland,Hispanic,16.4,19.5,16.3,92,-96.5,-169.0,178.5000000000009,133.79999999999927
365,2017,Maryland,Hispanic,17.3,18.1,13.3,92,8.300000000000182,-96.5,-156.80000000000018,-169.0
366,2019,Maryland,Hispanic,17.0,20.4,11.6,92,-96.0,8.300000000000182,333.89999999999964,-96.5
367,2007,Massachusetts,Hispanic,17.6,21.2,28.0,93,198.69999999999982,31.5,-278.6999999999998,-83.60000000000036
368,2009,Massachusetts,Hispanic,20.1,18.8,23.1,93,-592.3000000000002,198.69999999999982,150.40000000000055,31.5
369,2011,Massachusetts,Hispanic,21.2,15.7,17.2,93,133.79999999999927,-592.3000000000002,351.3000000000002,198.69999999999982
370,2013,Massachusetts,Hispanic,15.9,14.6,19.1,93,-169.0,133.79999999999927,-79.5,-592.3000000000002
371,2015,Massachusetts,Hispanic,22.8,19.9,16.9,93,-96.5,-169.0,178.5000000000009,133.79999999999927
372,2017,Massachusetts,Hispanic,17.9,20.0,12.5,93,8.300000000000182,-96.5,-156.80000000000018,-169.0
373,2019,Massachusetts,Hispanic,26.8,16.2,14.2,93,-96.0,8.300000000000182,333.89999999999964,-96.5
374,2007,Michigan,Hispanic,27.6,15.9,27.2,94,198.69999999999982,31.5,-278.6999999999998,-83.60000000000036
375,2009,Michigan,Hispanic,31.5,15.6,33.1,94,-592.3000000000002,198.69999999999982,150.40000000000055,31.5
376,2011,Michigan,Hispanic,25.5,16.2,24.0,94,133.79999999999927,-592.3000000000002,351.3000000000002,198.69999999999982
377,2013,Michigan,Hispanic,24.5,12.8,20.0,94,-169.0,133.79999999999927,-79.5,-592.3000000000002
378,2015,Michigan,Hispanic,25.6,22.2,18.4,94,-96.5,-169.0,178.5000000000009,133.79999999999927
379,2017,Michigan,Hispanic,22.6,17.5,16.0,94,8.300000000000182,-96.5,-156.80000000000018,-169.0
380,2019,Michigan,Hispanic,25.6,17.9,16.5,94,-96.0,8.300000000000182,333.89999999999964,-96.5
381,2015,Mississippi,Hispanic,28.7,24.8,23.5,95,-96.5,-169.0,178.5000000000009,133.79999999999927
382,2019,Mississippi,Hispanic,15.4,20.5,22.7,95,-96.0,8.300000000000182,333.89999999999964,-96.5
383,2013,Missouri,Hispanic,25.6,15.2,17.6,96,-169.0,133.79999999999927,-79.5,-592.3000000000002
384,2015,Missouri,Hispanic,18.9,20.5,15.0,96,-96.5,-169.0,178.5000000000009,133.79999999999927
385,2019,Missouri,Hispanic,19.3,21.4,19.6,96,-96.0,8.300000000000182,333.89999999999964,-96.5
386,2007,Montana,Hispanic,29.4,16.6,30.4,97,198.69999999999982,31.5,-278.6999999999998,-83.60000000000036
387,2009,Montana,Hispanic,30.9,15.6,39.4,97,-592.3000000000002,198.69999999999982,150.40000000000055,31.5
388,2011,Montana,Hispanic,35.2,17.3,22.0,97,133.79999999999927,-592.3000000000002,351.3000000000002,198.69999999999982
389,2013,Montana,Hispanic,35.1,14.5,22.9,97,-169.0,133.79999999999927,-79.5,-592.3000000000002
390,2015,Montana,Hispanic,29.8,14.8,25.2,97,-96.5,-169.0,178.5000000000009,133.79999999999927
391,2017,Montana,Hispanic,32.9,12.7,16.2,97,8.300000000000182,-96.5,-156.80000000000018,-169.0
392,2019,Montana,Hispanic,34.3,12.4,15.1,97,-96.0,8.300000000000182,333.89999999999964,-96.5
393,2007,National,Hispanic,36.0,17.8,33.4,98,198.69999999999982,31.5,-278.6999999999998,-83.60000000000036
394,2009,National,Hispanic,40.5,19.3,28.1,98,-592.3000000000002,198.69999999999982,150.40000000000055,31.5
395,2011,National,Hispanic,30.0,17.4,27.0,98,133.79999999999927,-592.3000000000002,351.3000000000002,198.69999999999982
396,2013,National,Hispanic,37.7,18.3,22.6,98,-169.0,133.79999999999927,-79.5,-592.3000000000002
397,2015,National,Hispanic,37.7,18.4,21.7,98,-96.5,-169.0,178.5000000000009,133.79999999999927
398,2017,National,Hispanic,37.4,19.5,17.0,98,8.300000000000182,-96.5,-156.80000000000018,-169.0
399,2019,National,Hispanic,29.9,19.6,16.1,98,-96.0,8.300000000000182,333.89999999999964,-96.5
400,2011,Nebraska,Hispanic,34.7,17.6,26.4,99,133.79999999999927,-592.3000000000002,351.3000000000002,198.69999999999982
401,2013,Nebraska,Hispanic,31.2,16.5,19.0,99,-169.0,133.79999999999927,-79.5,-592.3000000000002
402,2015,Nebraska,Hispanic,26.5,21.5,20.0,99,-96.5,-169.0,178.5000000000009,133.79999999999927
403,2017,Nebraska,Hispanic,25.7,23.1,20.1,99,8.300000000000182,-96.5,-156.80000000000018,-169.0
404,2019,Nebraska,Hispanic,22.3,11.5,15.5,99,-96.0,8.300000000000182,333.89999999999964,-96.5
405,2013,Nevada,Hispanic,25.6,19.1,18.0,100,-169.0,133.79999999999927,-79.5,-592.3000000000002
406,2015,Nevada,Hispanic,33.8,18.7,12.7,100,-96.5,-169.0,178.5000000000009,133.79999999999927
407,2017,Nevada,Hispanic,31.7,16.2,16.1,100,8.300000000000182,-96.5,-156.80000000000018,-169.0
408,2019,Nevada,Hispanic,18.7,17.3,13.5,100,-96.0,8.300000000000182,333.89999999999964,-96.5
409,2011,New Jersey,Hispanic,60.4,17.0,20.6,101,133.79999999999927,-592.3000000000002,351.3000000000002,198.69999999999982
410,2013,New Jersey,Hispanic,47.1,17.4,19.4,101,-169.0,133.79999999999927,-79.5,-592.3000000000002
411,2007,New Mexico,Hispanic,32.4,14.4,29.8,102,198.69999999999982,31.5,-278.6999999999998,-83.60000000000036
412,2009,New Mexico,Hispanic,26.6,15.8,29.8,102,-592.3000000000002,198.69999999999982,150.40000000000055,31.5
413,2011,New Mexico,Hispanic,27.1,15.1,28.2,102,133.79999999999927,-592.3000000000002,351.3000000000002,198.69999999999982
414,2013,New Mexico,Hispanic,23.3,16.5,21.0,102,-169.0,133.79999999999927,-79.5,-592.3000000000002
415,2015,New Mexico,Hispanic,26.3,17.3,20.2,102,-96.5,-169.0,178.5000000000009,133.79999999999927
416,2017,New Mexico,Hispanic,25.7,16.5,20.7,102,8.300000000000182,-96.5,-156.80000000000018,-169.0
417,2019,New Mexico,Hispanic,24.8,16.7,17.6,102,-96.0,8.300000000000182,333.89999999999964,-96.5
418,2007,New York,Hispanic,24.6,16.9,29.2,103,198.69999999999982,31.5,-278.6999999999998,-83.60000000000036
419,2009,New York,Hispanic,22.6,18.3,29.8,103,-592.3000000000002,198.69999999999982,150.40000000000055,31.5
420,2011,New York,Hispanic,29.5,18.0,25.6,103,133.79999999999927,-592.3000000000002,351.3000000000002,198.69999999999982
421,2013,New York,Hispanic,29.3,16.0,22.7,103,-169.0,133.79999999999927,-79.5,-592.3000000000002
422,2015,New York,Hispanic,22.6,16.4,15.5,103,-96.5,-169.0,178.5000000000009,133.79999999999927
423,2017,New York,Hispanic,25.5,20.3,18.1,103,8.300000000000182,-96.5,-156.80000000000018,-169.0
424,2019,New York,Hispanic,23.8,18.8,11.3,103,-96.0,8.300000000000182,333.89999999999964,-96.5
425,2007,North Carolina,Hispanic,18.9,19.7,30.1,104,198.69999999999982,31.5,-278.6999999999998,-83.60000000000036
426,2015,North Carolina,Hispanic,21.4,17.0,17.1,104,-96.5,-169.0,178.5000000000009,133.79999999999927
427,2017,North Carolina,Hispanic,21.0,21.6,20.7,104,8.300000000000182,-96.5,-156.80000000000018,-169.0
428,2019,North Carolina,Hispanic,22.5,20.9,17.4,104,-96.0,8.300000000000182,333.89999999999964,-96.5
429,2015,North Dakota,Hispanic,40.2,22.7,20.2,105,-96.5,-169.0,178.5000000000009,133.79999999999927
430,2019,North Dakota,Hispanic,39.4,20.9,17.8,105,-96.0,8.300000000000182,333.89999999999964,-96.5
431,2007,Ohio,Hispanic,28.8,15.4,29.2,106,198.69999999999982,31.5,-278.6999999999998,-83.60000000000036
432,2007,Oklahoma,Hispanic,30.8,14.2,35.8,107,198.69999999999982,31.5,-278.6999999999998,-83.60000000000036
433,2009,Oklahoma,Hispanic,31.0,22.3,27.9,107,-592.3000000000002,198.69999999999982,150.40000000000055,31.5
434,2011,Oklahoma,Hispanic,37.9,19.1,29.7,107,133.79999999999927,-592.3000000000002,351.3000000000002,198.69999999999982
435,2013,Oklahoma,Hispanic,29.6,12.4,23.6,107,-169.0,133.79999999999927,-79.5,-592.3000000000002
436,2015,Oklahoma,Hispanic,39.6,17.6,25.9,107,-96.5,-169.0,178.5000000000009,133.79999999999927
437,2017,Oklahoma,Hispanic,29.7,23.4,23.4,107,8.300000000000182,-96.5,-156.80000000000018,-169.0
438,2019,Oklahoma,Hispanic,29.6,18.6,17.4,107,-96.0,8.300000000000182,333.89999999999964,-96.5
439,2009,Pennsylvania,Hispanic,17.9,20.0,30.9,108,-592.3000000000002,198.69999999999982,150.40000000000055,31.5
440,2015,Pennsylvania,Hispanic,24.6,18.1,20.3,108,-96.5,-169.0,178.5000000000009,133.79999999999927
441,2017,Pennsylvania,Hispanic,19.7,18.6,19.4,108,8.300000000000182,-96.5,-156.80000000000018,-169.0
442,2019,Pennsylvania,Hispanic,29.1,16.3,14.6,108,-96.0,8.300000000000182,333.89999999999964,-96.5
443,2017,Puerto Rico,Hispanic,0.1,13.5,26.2,109,8.300000000000182,-96.5,-156.80000000000018,-169.0
444,2019,Puerto Rico,Hispanic,28.2,16.2,24.7,109,-96.0,8.300000000000182,333.89999999999964,-96.5
445,2007,Rhode Island,Hispanic,25.0,16.8,30.2,110,198.69999999999982,31.5,-278.6999999999998,-83.60000000000036
446,2009,Rhode Island,Hispanic,24.9,21.3,26.4,110,-592.3000000000002,198.69999999999982,150.40000000000055,31.5
447,2011,Rhode Island,Hispanic,37.5,20.7,22.0,110,133.79999999999927,-592.3000000000002,351.3000000000002,198.69999999999982
448,2013,Rhode Island,Hispanic,29.0,21.2,20.8,110,-169.0,133.79999999999927,-79.5,-592.3000000000002
449,2015,Rhode Island,Hispanic,20.7,19.6,15.7,110,-96.5,-169.0,178.5000000000009,133.79999999999927
450,2017,Rhode Island,Hispanic,20.4,18.5,10.7,110,8.300000000000182,-96.5,-156.80000000000018,-169.0
451,2015,South Carolina,Hispanic,13.6,18.4,18.1,111,-96.5,-169.0,178.5000000000009,133.79999999999927
452,2017,South Carolina,Hispanic,15.2,22.2,12.0,111,8.300000000000182,-96.5,-156.80000000000018,-169.0
453,2019,South Carolina,Hispanic,14.0,19.7,15.4,111,-96.0,8.300000000000182,333.89999999999964,-96.5
454,2009,South Dakota,Hispanic,20.8,16.7,27.8,112,-592.3000000000002,198.69999999999982,150.40000000000055,31.5
455,2019,South Dakota,Hispanic,17.7,16.2,16.1,112,-96.0,8.300000000000182,333.89999999999964,-96.5
456,2007,Tennessee,Hispanic,35.1,20.2,43.5,113,198.69999999999982,31.5,-278.6999999999998,-83.60000000000036
457,2009,Tennessee,Hispanic,25.2,15.6,40.4,113,-592.3000000000002,198.69999999999982,150.40000000000055,31.5
458,2011,Tennessee,Hispanic,21.2,13.1,33.7,113,133.79999999999927,-592.3000000000002,351.3000000000002,198.69999999999982
459,2013,Tennessee,Hispanic,15.9,16.5,37.3,113,-169.0,133.79999999999927,-79.5,-592.3000000000002
460,2015,Tennessee,Hispanic,28.4,20.8,19.3,113,-96.5,-169.0,178.5000000000009,133.79999999999927
461,2017,Tennessee,Hispanic,28.6,18.0,23.2,113,8.300000000000182,-96.5,-156.80000000000018,-169.0
462,2019,Tennessee,Hispanic,14.8,19.5,18.8,113,-96.0,8.300000000000182,333.89999999999964,-96.5
463,2007,Texas,Hispanic,34.1,16.5,36.7,114,198.69999999999982,31.5,-278.6999999999998,-83.60000000000036
464,2009,Texas,Hispanic,32.5,17.2,33.9,114,-592.3000000000002,198.69999999999982,150.40000000000055,31.5
465,2011,Texas,Hispanic,34.5,18.4,29.5,114,133.79999999999927,-592.3000000000002,351.3000000000002,198.69999999999982
466,2013,Texas,Hispanic,36.0,17.2,23.7,114,-169.0,133.79999999999927,-79.5,-592.3000000000002
467,2017,Texas,Hispanic,28.2,20.7,18.2,114,8.300000000000182,-96.5,-156.80000000000018,-169.0
468,2019,Texas,Hispanic,32.7,19.4,16.8,114,-96.0,8.300000000000182,333.89999999999964,-96.5
469,2007,Utah,Hispanic,33.6,13.7,14.5,115,198.69999999999982,31.5,-278.6999999999998,-83.60000000000036
470,2009,Utah,Hispanic,23.1,13.8,12.0,115,-592.3000000000002,198.69999999999982,150.40000000000055,31.5
471,2011,Utah,Hispanic,18.8,17.2,17.4,115,133.79999999999927,-592.3000000000002,351.3000000000002,198.69999999999982
472,2013,Utah,Hispanic,19.3,19.3,13.1,115,-169.0,133.79999999999927,-79.5,-592.3000000000002
473,2017,Utah,Hispanic,16.0,19.3,14.7,115,8.300000000000182,-96.5,-156.80000000000018,-169.0
474,2019,Utah,Hispanic,13.1,15.7,9.9,115,-96.0,8.300000000000182,333.89999999999964,-96.5
475,2007,Vermont,Hispanic,20.0,14.3,36.0,116,198.69999999999982,31.5,-278.6999999999998,-83.60000000000036
476,2009,Vermont,Hispanic,21.2,12.1,40.1,116,-592.3000000000002,198.69999999999982,150.40000000000055,31.5
477,2011,Vermont,Hispanic,16.5,14.3,26.4,116,133.79999999999927,-592.3000000000002,351.3000000000002,198.69999999999982
478,2011,Virginia,Hispanic,11.0,21.8,24.5,117,133.79999999999927,-592.3000000000002,351.3000000000002,198.69999999999982
479,2013,Virginia,Hispanic,11.3,20.7,18.0,117,-169.0,133.79999999999927,-79.5,-592.3000000000002
480,2015,Virginia,Hispanic,15.9,21.0,14.1,117,-96.5,-169.0,178.5000000000009,133.79999999999927
481,2017,Virginia,Hispanic,12.9,16.7,18.8,117,8.300000000000182,-96.5,-156.80000000000018,-169.0
482,2009,Wisconsin,Hispanic,34.3,17.7,23.3,118,-592.3000000000002,198.69999999999982,150.40000000000055,31.5
483,2011,Wisconsin,Hispanic,36.2,15.3,27.2,118,133.79999999999927,-592.3000000000002,351.3000000000002,198.69999999999982
484,2013,Wisconsin,Hispanic,37.6,14.2,22.7,118,-169.0,133.79999999999927,-79.5,-592.3000000000002
485,2017,Wisconsin,Hispanic,36.3,15.1,16.7,118,8.300000000000182,-96.5,-156.80000000000018,-169.0
486,2007,Wyoming,Hispanic,26.7,10.1,32.6,119,198.69999999999982,31.5,-278.6999999999998,-83.60000000000036
487,2009,Wyoming,Hispanic,26.6,12.9,31.8,119,-592.3000000000002,198.69999999999982,150.40000000000055,31.5
488,2011,Wyoming,Hispanic,22.7,18.1,26.6,119,133.79999999999927,-592.3000000000002,351.3000000000002,198.69999999999982
489,2013,Wyoming,Hispanic,26.2,16.1,25.0,119,-169.0,133.79999999999927,-79.5,-592.3000000000002
490,2015,Wyoming,Hispanic,28.5,17.9,19.4,119,-96.5,-169.0,178.5000000000009,133.79999999999927
491,2009,Alabama,Non-Hispanic Black,29.3,22.3,33.1,120,-592.3000000000002,198.69999999999982,150.40000000000055,31.5
492,2011,Alabama,Non-Hispanic Black,30.2,16.5,40.8,120,133.79999999999927,-592.3000000000002,351.3000000000002,198.69999999999982
493,2013,Alabama,Non-Hispanic Black,38.9,13.9,32.1,120,-169.0,133.79999999999927,-79.5,-592.3000000000002
494,2015,Alabama,Non-Hispanic Black,25.8,19.7,28.5,120,-96.5,-169.0,178.5000000000009,133.79999999999927
495,2019,Alabama,Non-Hispanic Black,20.8,23.5,18.2,120,-96.0,8.300000000000182,333.89999999999964,-96.5
496,2007,Arizona,Non-Hispanic Black,29.7,24.9,23.7,121,198.69999999999982,31.5,-278.6999999999998,-83.60000000000036
497,2009,Arizona,Non-Hispanic Black,25.8,20.6,26.6,121,-592.3000000000002,198.69999999999982,150.40000000000055,31.5
498,2007,Arkansas,Non-Hispanic Black,23.8,15.3,33.3,122,198.69999999999982,31.5,-278.6999999999998,-83.60000000000036
499,2009,Arkansas,Non-Hispanic Black,14.9,13.5,24.9,122,-592.3000000000002,198.69999999999982,150.40000000000055,31.5
500,2011,Arkansas,Non-Hispanic Black,25.8,21.8,31.5,122,133.79999999999927,-592.3000000000002,351.3000000000002,198.69999999999982
501,2013,Arkansas,Non-Hispanic Black,19.2,20.5,26.2,122,-169.0,133.79999999999927,-79.5,-592.3000000000002
502,2015,Arkansas,Non-Hispanic Black,29.9,21.3,29.9,122,-96.5,-169.0,178.5000000000009,133.79999999999927
503,2017,Arkansas,Non-Hispanic Black,26.6,22.7,26.5,122,8.300000000000182,-96.5,-156.80000000000018,-169.0
504,2019,Arkansas,Non-Hispanic Black,20.7,19.1,12.4,122,-96.0,8.300000000000182,333.89999999999964,-96.5
505,2017,California,Non-Hispanic Black,28.9,12.2,13.2,123,8.300000000000182,-96.5,-156.80000000000018,-169.0
506,2015,Connecticut,Non-Hispanic Black,16.2,22.6,13.4,124,-96.5,-169.0,178.5000000000009,133.79999999999927
507,2017,Connecticut,Non-Hispanic Black,11.6,19.4,10.5,124,8.300000000000182,-96.5,-156.80000000000018,-169.0
508,2007,Delaware,Non-Hispanic Black,31.3,20.6,30.4,125,198.69999999999982,31.5,-278.6999999999998,-83.60000000000036
509,2009,Delaware,Non-Hispanic Black,23.5,18.3,32.4,125,-592.3000000000002,198.69999999999982,150.40000000000055,31.5
510,2011,Delaware,Non-Hispanic Black,26.7,18.9,27.6,125,133.79999999999927,-592.3000000000002,351.3000000000002,198.69999999999982
511,2013,Delaware,Non-Hispanic Black,15.3,20.6,23.4,125,-169.0,133.79999999999927,-79.5,-592.3000000000002
512,2015,Delaware,Non-Hispanic Black,11.5,17.5,21.2,125,-96.5,-169.0,178.5000000000009,133.79999999999927
513,2007,District of Columbia,Non-Hispanic Black,17.8,17.9,30.0,126,198.69999999999982,31.5,-278.6999999999998,-83.60000000000036
514,2011,District of Columbia,Non-Hispanic Black,14.1,19.3,29.2,126,133.79999999999927,-592.3000000000002,351.3000000000002,198.69999999999982
515,2007,Florida,Non-Hispanic Black,26.0,17.6,31.7,127,198.69999999999982,31.5,-278.6999999999998,-83.60000000000036
516,2009,Florida,Non-Hispanic Black,26.2,15.9,27.5,127,-592.3000000000002,198.69999999999982,150.40000000000055,31.5
517,2011,Florida,Non-Hispanic Black,22.5,17.2,27.1,127,133.79999999999927,-592.3000000000002,351.3000000000002,198.69999999999982
518,2013,Florida,Non-Hispanic Black,28.1,17.6,20.4,127,-169.0,133.79999999999927,-79.5,-592.3000000000002
519,2015,Florida,Non-Hispanic Black,23.0,14.9,23.2,127,-96.5,-169.0,178.5000000000009,133.79999999999927
520,2017,Florida,Non-Hispanic Black,23.4,17.7,18.1,127,8.300000000000182,-96.5,-156.80000000000018,-169.0
521,2019,Florida,Non-Hispanic Black,22.2,17.0,15.8,127,-96.0,8.300000000000182,333.89999999999964,-96.5
522,2007,Georgia,Non-Hispanic Black,31.9,20.8,29.5,128,198.69999999999982,31.5,-278.6999999999998,-83.60000000000036
523,2009,Georgia,Non-Hispanic Black,28.2,17.7,29.1,128,-592.3000000000002,198.69999999999982,150.40000000000055,31.5
524,2011,Georgia,Non-Hispanic Black,32.9,17.2,26.5,128,133.79999999999927,-592.3000000000002,351.3000000000002,198.69999999999982
525,2013,Georgia,Non-Hispanic Black,29.3,20.0,21.1,128,-169.0,133.79999999999927,-79.5,-592.3000000000002
526,2007,Illinois,Non-Hispanic Black,44.4,18.9,29.9,129,198.69999999999982,31.5,-278.6999999999998,-83.60000000000036
527,2009,Illinois,Non-Hispanic Black,59.2,20.0,34.3,129,-592.3000000000002,198.69999999999982,150.40000000000055,31.5
528,2011,Illinois,Non-Hispanic Black,60.3,18.6,28.9,129,133.79999999999927,-592.3000000000002,351.3000000000002,198.69999999999982
529,2013,Illinois,Non-Hispanic Black,51.0,14.0,24.5,129,-169.0,133.79999999999927,-79.5,-592.3000000000002
530,2015,Illinois,Non-Hispanic Black,44.6,17.0,20.5,129,-96.5,-169.0,178.5000000000009,133.79999999999927
531,2017,Illinois,Non-Hispanic Black,57.3,16.1,15.0,129,8.300000000000182,-96.5,-156.80000000000018,-169.0
532,2019,Illinois,Non-Hispanic Black,49.1,16.4,12.7,129,-96.0,8.300000000000182,333.89999999999964,-96.5
533,2007,Indiana,Non-Hispanic Black,31.5,18.7,36.9,130,198.69999999999982,31.5,-278.6999999999998,-83.60000000000036
534,2009,Indiana,Non-Hispanic Black,19.0,21.0,19.8,130,-592.3000000000002,198.69999999999982,150.40000000000055,31.5
535,2011,Indiana,Non-Hispanic Black,22.4,15.7,23.1,130,133.79999999999927,-592.3000000000002,351.3000000000002,198.69999999999982
536,2015,Indiana,Non-Hispanic Black,20.3,21.9,20.4,130,-96.5,-169.0,178.5000000000009,133.79999999999927
537,2017,Iowa,Non-Hispanic Black,24.2,9.6,19.7,131,8.300000000000182,-96.5,-156.80000000000018,-169.0
538,2007,Kansas,Non-Hispanic Black,27.5,21.6,37.9,132,198.69999999999982,31.5,-278.6999999999998,-83.60000000000036
539,2009,Kansas,Non-Hispanic Black,23.3,14.3,32.1,132,-592.3000000000002,198.69999999999982,150.40000000000055,31.5
540,2011,Kansas,Non-Hispanic Black,28.2,14.1,23.5,132,133.79999999999927,-592.3000000000002,351.3000000000002,198.69999999999982
541,2017,Kansas,Non-Hispanic Black,22.7,12.3,6.6,132,8.300000000000182,-96.5,-156.80000000000018,-169.0
542,2007,Kentucky,Non-Hispanic Black,17.7,23.1,29.1,133,198.69999999999982,31.5,-278.6999999999998,-83.60000000000036
543,2009,Kentucky,Non-Hispanic Black,16.5,16.6,24.9,133,-592.3000000000002,198.69999999999982,150.40000000000055,31.5
544,2011,Kentucky,Non-Hispanic Black,18.8,14.8,24.3,133,133.79999999999927,-592.3000000000002,351.3000000000002,198.69999999999982
545,2013,Kentucky,Non-Hispanic Black,19.3,13.3,25.3,133,-169.0,133.79999999999927,-79.5,-592.3000000000002
546,2015,Kentucky,Non-Hispanic Black,21.7,22.9,28.6,133,-96.5,-169.0,178.5000000000009,133.79999999999927
547,2017,Kentucky,Non-Hispanic Black,16.5,20.3,21.4,133,8.300000000000182,-96.5,-156.80000000000018,-169.0
548,2019,Kentucky,Non-Hispanic Black,19.9,13.6,19.6,133,-96.0,8.300000000000182,333.89999999999964,-96.5
549,2007,Louisiana,Non-Hispanic Black,45.1,21.5,32.8,134,198.69999999999982,31.5,-278.6999999999998,-83.60000000000036
550,2009,Louisiana,Non-Hispanic Black,34.0,22.2,32.1,134,-592.3000000000002,198.69999999999982,150.40000000000055,31.5
551,2011,Louisiana,Non-Hispanic Black,42.1,24.6,39.7,134,133.79999999999927,-592.3000000000002,351.3000000000002,198.69999999999982
552,2017,Louisiana,Non-Hispanic Black,30.2,18.8,29.5,134,8.300000000000182,-96.5,-156.80000000000018,-169.0
553,2019,Louisiana,Non-Hispanic Black,22.4,19.8,17.8,134,-96.0,8.300000000000182,333.89999999999964,-96.5
554,2009,Maryland,Non-Hispanic Black,15.0,16.5,20.5,135,-592.3000000000002,198.69999999999982,150.40000000000055,31.5
555,2011,Maryland,Non-Hispanic Black,13.9,19.7,25.4,135,133.79999999999927,-592.3000000000002,351.3000000000002,198.69999999999982
556,2013,Maryland,Non-Hispanic Black,15.4,17.7,18.9,135,-169.0,133.79999999999927,-79.5,-592.3000000000002
557,2015,Maryland,Non-Hispanic Black,12.2,16.7,17.9,135,-96.5,-169.0,178.5000000000009,133.79999999999927
558,2017,Maryland,Non-Hispanic Black,12.0,17.5,15.0,135,8.300000000000182,-96.5,-156.80000000000018,-169.0
559,2019,Maryland,Non-Hispanic Black,12.0,18.0,13.6,135,-96.0,8.300000000000182,333.89999999999964,-96.5
560,2007,Massachusetts,Non-Hispanic Black,15.5,19.8,26.8,136,198.69999999999982,31.5,-278.6999999999998,-83.60000000000036
561,2009,Massachusetts,Non-Hispanic Black,9.3,21.3,24.4,136,-592.3000000000002,198.69999999999982,150.40000000000055,31.5
562,2011,Massachusetts,Non-Hispanic Black,14.0,15.7,25.1,136,133.79999999999927,-592.3000000000002,351.3000000000002,198.69999999999982
563,2013,Massachusetts,Non-Hispanic Black,13.4,17.5,17.9,136,-169.0,133.79999999999927,-79.5,-592.3000000000002
564,2015,Massachusetts,Non-Hispanic Black,17.4,18.9,13.7,136,-96.5,-169.0,178.5000000000009,133.79999999999927
565,2017,Massachusetts,Non-Hispanic Black,14.7,17.2,10.5,136,8.300000000000182,-96.5,-156.80000000000018,-169.0
566,2019,Massachusetts,Non-Hispanic Black,19.7,19.9,14.6,136,-96.0,8.300000000000182,333.89999999999964,-96.5
567,2007,Michigan,Non-Hispanic Black,36.0,21.0,25.8,137,198.69999999999982,31.5,-278.6999999999998,-83.60000000000036
568,2009,Michigan,Non-Hispanic Black,31.2,17.3,31.9,137,-592.3000000000002,198.69999999999982,150.40000000000055,31.5
569,2011,Michigan,Non-Hispanic Black,21.7,23.5,24.0,137,133.79999999999927,-592.3000000000002,351.3000000000002,198.69999999999982
570,2013,Michigan,Non-Hispanic Black,22.3,18.3,18.6,137,-169.0,133.79999999999927,-79.5,-592.3000000000002
571,2015,Michigan,Non-Hispanic Black,22.6,20.0,22.2,137,-96.5,-169.0,178.5000000000009,133.79999999999927
572,2017,Michigan,Non-Hispanic Black,23.8,16.0,21.7,137,8.300000000000182,-96.5,-156.80000000000018,-169.0
573,2019,Michigan,Non-Hispanic Black,21.9,20.0,15.8,137,-96.0,8.300000000000182,333.89999999999964,-96.5
574,2007,Mississippi,Non-Hispanic Black,27.2,23.1,45.0,138,198.69999999999982,31.5,-278.6999999999998,-83.60000000000036
575,2009,Mississippi,Non-Hispanic Black,28.7,18.6,39.6,138,-592.3000000000002,198.69999999999982,150.40000000000055,31.5
576,2011,Mississippi,Non-Hispanic Black,29.9,19.9,42.0,138,133.79999999999927,-592.3000000000002,351.3000000000002,198.69999999999982
577,2013,Mississippi,Non-Hispanic Black,28.0,14.8,40.6,138,-169.0,133.79999999999927,-79.5,-592.3000000000002
578,2015,Mississippi,Non-Hispanic Black,22.4,19.1,26.3,138,-96.5,-169.0,178.5000000000009,133.79999999999927
579,2019,Mississippi,Non-Hispanic Black,22.9,18.7,22.5,138,-96.0,8.300000000000182,333.89999999999964,-96.5
580,2007,Missouri,Non-Hispanic Black,20.7,18.0,31.2,139,198.69999999999982,31.5,-278.6999999999998,-83.60000000000036
581,2009,Missouri,Non-Hispanic Black,30.1,20.6,32.4,139,-592.3000000000002,198.69999999999982,150.40000000000055,31.5
582,2013,Missouri,Non-Hispanic Black,20.6,18.8,21.7,139,-169.0,133.79999999999927,-79.5,-592.3000000000002
583,2015,Missouri,Non-Hispanic Black,16.0,17.7,22.5,139,-96.5,-169.0,178.5000000000009,133.79999999999927
584,2007,National,Non-Hispanic Black,31.9,18.9,37.6,140,198.69999999999982,31.5,-278.6999999999998,-83.60000000000036
585,2009,National,Non-Hispanic Black,37.0,20.9,33.7,140,-592.3000000000002,198.69999999999982,150.40000000000055,31.5
586,2011,National,Non-Hispanic Black,27.6,16.2,28.0,140,133.79999999999927,-592.3000000000002,351.3000000000002,198.69999999999982
587,2013,National,Non-Hispanic Black,26.6,19.1,30.2,140,-169.0,133.79999999999927,-79.5,-592.3000000000002
588,2015,National,Non-Hispanic Black,35.8,17.2,22.7,140,-96.5,-169.0,178.5000000000009,133.79999999999927
589,2017,National,Non-Hispanic Black,28.5,17.8,21.5,140,8.300000000000182,-96.5,-156.80000000000018,-169.0
590,2019,National,Non-Hispanic Black,23.8,16.4,16.9,140,-96.0,8.300000000000182,333.89999999999964,-96.5
591,2011,Nebraska,Non-Hispanic Black,33.1,16.6,28.5,141,133.79999999999927,-592.3000000000002,351.3000000000002,198.69999999999982
592,2013,Nevada,Non-Hispanic Black,34.7,15.6,20.7,142,-169.0,133.79999999999927,-79.5,-592.3000000000002
593,2011,New Jersey,Non-Hispanic Black,50.2,18.7,20.1,143,133.79999999999927,-592.3000000000002,351.3000000000002,198.69999999999982
594,2013,New Jersey,Non-Hispanic Black,48.1,17.5,13.7,143,-169.0,133.79999999999927,-79.5,-592.3000000000002
595,2015,New Mexico,Non-Hispanic Black,22.0,11.4,20.8,144,-96.5,-169.0,178.5000000000009,133.79999999999927
596,2019,New Mexico,Non-Hispanic Black,25.9,14.6,25.0,144,-96.0,8.300000000000182,333.89999999999964,-96.5
597,2007,New York,Non-Hispanic Black,20.8,20.1,25.4,145,198.69999999999982,31.5,-278.6999999999998,-83.60000000000036
598,2009,New York,Non-Hispanic Black,26.6,20.6,30.6,145,-592.3000000000002,198.69999999999982,150.40000000000055,31.5
599,2011,New York,Non-Hispanic Black,35.5,17.4,27.5,145,133.79999999999927,-592.3000000000002,351.3000000000002,198.69999999999982
600,2013,New York,Non-Hispanic Black,26.8,16.4,22.1,145,-169.0,133.79999999999927,-79.5,-592.3000000000002
601,2015,New York,Non-Hispanic Black,33.8,19.2,16.2,145,-96.5,-169.0,178.5000000000009,133.79999999999927
602,2017,New York,Non-Hispanic Black,22.6,18.3,18.3,145,8.300000000000182,-96.5,-156.80000000000018,-169.0
603,2019,New York,Non-Hispanic Black,26.9,18.3,13.0,145,-96.0,8.300000000000182,333.89999999999964,-96.5
604,2007,North Carolina,Non-Hispanic Black,31.5,23.8,33.8,146,198.69999999999982,31.5,-278.6999999999998,-83.60000000000036
605,2015,North Carolina,Non-Hispanic Black,32.0,12.0,26.7,146,-96.5,-169.0,178.5000000000009,133.79999999999927
606,2017,North Carolina,Non-Hispanic Black,22.3,16.8,20.3,146,8.300000000000182,-96.5,-156.80000000000018,-169.0
607,2019,North Carolina,Non-Hispanic Black,29.1,15.4,14.9,146,-96.0,8.300000000000182,333.89999999999964,-96.5
608,2007,Ohio,Non-Hispanic Black,28.7,15.0,26.9,147,198.69999999999982,31.5,-278.6999999999998,-83.60000000000036
609,2011,Ohio,Non-Hispanic Black,24.0,17.7,23.1,147,133.79999999999927,-592.3000000000002,351.3000000000002,198.69999999999982
610,2007,Oklahoma,Non-Hispanic Black,30.5,20.3,28.0,148,198.69999999999982,31.5,-278.6999999999998,-83.60000000000036
611,2009,Oklahoma,Non-Hispanic Black,34.3,17.1,34.9,148,-592.3000000000002,198.69999999999982,150.40000000000055,31.5
612,2009,Pennsylvania,Non-Hispanic Black,27.9,14.4,29.8,149,-592.3000000000002,198.69999999999982,150.40000000000055,31.5
613,2015,Pennsylvania,Non-Hispanic Black,23.1,16.7,25.0,149,-96.5,-169.0,178.5000000000009,133.79999999999927
614,2017,Pennsylvania,Non-Hispanic Black,22.3,16.0,25.6,149,8.300000000000182,-96.5,-156.80000000000018,-169.0
615,2019,Pennsylvania,Non-Hispanic Black,27.6,24.8,8.6,149,-96.0,8.300000000000182,333.89999999999964,-96.5
616,2007,Rhode Island,Non-Hispanic Black,34.9,19.1,27.1,150,198.69999999999982,31.5,-278.6999999999998,-83.60000000000036
617,2009,Rhode Island,Non-Hispanic Black,30.4,20.3,22.7,150,-592.3000000000002,198.69999999999982,150.40000000000055,31.5
618,2011,Rhode Island,Non-Hispanic Black,40.5,11.7,21.2,150,133.79999999999927,-592.3000000000002,351.3000000000002,198.69999999999982
619,2013,Rhode Island,Non-Hispanic Black,21.1,18.4,19.3,150,-169.0,133.79999999999927,-79.5,-592.3000000000002
620,2015,Rhode Island,Non-Hispanic Black,12.4,10.4,19.9,150,-96.5,-169.0,178.5000000000009,133.79999999999927
621,2017,Rhode Island,Non-Hispanic Black,26.4,14.9,14.8,150,8.300000000000182,-96.5,-156.80000000000018,-169.0
622,2007,South Carolina,Non-Hispanic Black,25.9,20.4,30.8,151,198.69999999999982,31.5,-278.6999999999998,-83.60000000000036
623,2009,South Carolina,Non-Hispanic Black,13.1,17.5,29.2,151,-592.3000000000002,198.69999999999982,150.40000000000055,31.5
624,2011,South Carolina,Non-Hispanic Black,24.3,23.4,29.9,151,133.79999999999927,-592.3000000000002,351.3000000000002,198.69999999999982
625,2015,South Carolina,Non-Hispanic Black,28.3,23.0,23.2,151,-96.5,-169.0,178.5000000000009,133.79999999999927
626,2017,South Carolina,Non-Hispanic Black,20.8,19.4,24.3,151,8.300000000000182,-96.5,-156.80000000000018,-169.0
627,2019,South Carolina,Non-Hispanic Black,12.8,17.1,17.4,151,-96.0,8.300000000000182,333.89999999999964,-96.5
628,2007,Tennessee,Non-Hispanic Black,31.0,19.9,43.6,152,198.69999999999982,31.5,-278.6999999999998,-83.60000000000036
629,2009,Tennessee,Non-Hispanic Black,30.3,16.7,41.2,152,-592.3000000000002,198.69999999999982,150.40000000000055,31.5
630,2011,Tennessee,Non-Hispanic Black,17.8,18.6,39.6,152,133.79999999999927,-592.3000000000002,351.3000000000002,198.69999999999982
631,2013,Tennessee,Non-Hispanic Black,27.9,14.3,27.8,152,-169.0,133.79999999999927,-79.5,-592.3000000000002
632,2015,Tennessee,Non-Hispanic Black,24.1,17.4,26.1,152,-96.5,-169.0,178.5000000000009,133.79999999999927
633,2017,Tennessee,Non-Hispanic Black,28.4,18.0,19.0,152,8.300000000000182,-96.5,-156.80000000000018,-169.0
634,2019,Tennessee,Non-Hispanic Black,18.9,19.4,22.3,152,-96.0,8.300000000000182,333.89999999999964,-96.5
635,2007,Texas,Non-Hispanic Black,53.5,19.3,32.9,153,198.69999999999982,31.5,-278.6999999999998,-83.60000000000036
636,2009,Texas,Non-Hispanic Black,36.2,21.8,32.9,153,-592.3000000000002,198.69999999999982,150.40000000000055,31.5
637,2011,Texas,Non-Hispanic Black,36.1,17.8,23.2,153,133.79999999999927,-592.3000000000002,351.3000000000002,198.69999999999982
638,2013,Texas,Non-Hispanic Black,39.7,16.8,22.6,153,-169.0,133.79999999999927,-79.5,-592.3000000000002
639,2017,Texas,Non-Hispanic Black,28.0,15.5,14.9,153,8.300000000000182,-96.5,-156.80000000000018,-169.0
640,2019,Texas,Non-Hispanic Black,37.8,19.8,18.7,153,-96.0,8.300000000000182,333.89999999999964,-96.5
641,2009,Vermont,Non-Hispanic Black,11.7,19.1,33.4,154,-592.3000000000002,198.69999999999982,150.40000000000055,31.5
642,2011,Vermont,Non-Hispanic Black,21.0,15.8,26.4,154,133.79999999999927,-592.3000000000002,351.3000000000002,198.69999999999982
643,2011,Virginia,Non-Hispanic Black,20.5,23.9,24.1,155,133.79999999999927,-592.3000000000002,351.3000000000002,198.69999999999982
644,2013,Virginia,Non-Hispanic Black,14.5,16.4,24.2,155,-169.0,133.79999999999927,-79.5,-592.3000000000002
645,2015,Virginia,Non-Hispanic Black,14.5,18.8,18.3,155,-96.5,-169.0,178.5000000000009,133.79999999999927
646,2017,Virginia,Non-Hispanic Black,12.0,19.5,15.9,155,8.300000000000182,-96.5,-156.80000000000018,-169.0
647,2009,Wisconsin,Non-Hispanic Black,33.9,14.0,27.5,156,-592.3000000000002,198.69999999999982,150.40000000000055,31.5
648,2011,Wisconsin,Non-Hispanic Black,28.6,22.9,27.5,156,133.79999999999927,-592.3000000000002,351.3000000000002,198.69999999999982
649,2013,Wisconsin,Non-Hispanic Black,35.0,12.1,23.5,156,-169.0,133.79999999999927,-79.5,-592.3000000000002
650,2017,Wisconsin,Non-Hispanic Black,40.9,19.4,14.4,156,8.300000000000182,-96.5,-156.80000000000018,-169.0
651,2009,Alabama,Non-Hispanic White,34.5,14.3,42.3,157,-592.3000000000002,198.69999999999982,150.40000000000055,31.5
652,2011,Alabama,Non-Hispanic White,38.2,15.4,42.1,157,133.79999999999927,-592.3000000000002,351.3000000000002,198.69999999999982
653,2013,Alabama,Non-Hispanic White,35.0,17.2,33.7,157,-169.0,133.79999999999927,-79.5,-592.3000000000002
654,2015,Alabama,Non-Hispanic White,37.5,16.6,29.3,157,-96.5,-169.0,178.5000000000009,133.79999999999927
655,2019,Alabama,Non-Hispanic White,28.6,18.7,21.4,157,-96.0,8.300000000000182,333.89999999999964,-96.5
656,2007,Alaska,Non-Hispanic White,16.2,13.8,18.5,158,198.69999999999982,31.5,-278.6999999999998,-83.60000000000036
657,2009,Alaska,Non-Hispanic White,15.8,12.6,14.0,158,-592.3000000000002,198.69999999999982,150.40000000000055,31.5
658,2011,Alaska,Non-Hispanic White,14.7,11.7,13.9,158,133.79999999999927,-592.3000000000002,351.3000000000002,198.69999999999982
659,2013,Alaska,Non-Hispanic White,13.9,13.4,11.9,158,-169.0,133.79999999999927,-79.5,-592.3000000000002
660,2015,Alaska,Non-Hispanic White,12.6,15.4,12.6,158,-96.5,-169.0,178.5000000000009,133.79999999999927
661,2017,Alaska,Non-Hispanic White,13.5,14.7,12.7,158,8.300000000000182,-96.5,-156.80000000000018,-169.0
662,2019,Alaska,Non-Hispanic White,12.5,15.9,10.2,158,-96.0,8.300000000000182,333.89999999999964,-96.5
663,2007,Arizona,Non-Hispanic White,27.8,10.0,30.6,159,198.69999999999982,31.5,-278.6999999999998,-83.60000000000036
664,2009,Arizona,Non-Hispanic White,33.6,11.2,28.8,159,-592.3000000000002,198.69999999999982,150.40000000000055,31.5
665,2011,Arizona,Non-Hispanic White,28.9,10.7,24.2,159,133.79999999999927,-592.3000000000002,351.3000000000002,198.69999999999982
666,2013,Arizona,Non-Hispanic White,21.6,9.1,18.7,159,-169.0,133.79999999999927,-79.5,-592.3000000000002
667,2015,Arizona,Non-Hispanic White,27.6,12.0,19.0,159,-96.5,-169.0,178.5000000000009,133.79999999999927
668,2017,Arizona,Non-Hispanic White,34.6,13.6,19.3,159,8.300000000000182,-96.5,-156.80000000000018,-169.0
669,2019,Arizona,Non-Hispanic White,28.4,14.4,13.2,159,-96.0,8.300000000000182,333.89999999999964,-96.5
670,2007,Arkansas,Non-Hispanic White,34.0,15.9,41.6,160,198.69999999999982,31.5,-278.6999999999998,-83.60000000000036
671,2009,Arkansas,Non-Hispanic White,25.2,15.9,37.5,160,-592.3000000000002,198.69999999999982,150.40000000000055,31.5
672,2011,Arkansas,Non-Hispanic White,24.4,13.0,37.5,160,133.79999999999927,-592.3000000000002,351.3000000000002,198.69999999999982
673,2013,Arkansas,Non-Hispanic White,25.0,13.4,34.0,160,-169.0,133.79999999999927,-79.5,-592.3000000000002
674,2015,Arkansas,Non-Hispanic White,29.5,17.2,29.9,160,-96.5,-169.0,178.5000000000009,133.79999999999927
675,2017,Arkansas,Non-Hispanic White,23.6,15.5,34.7,160,8.300000000000182,-96.5,-156.80000000000018,-169.0
676,2019,Arkansas,Non-Hispanic White,16.2,20.1,27.5,160,-96.0,8.300000000000182,333.89999999999964,-96.5
677,2015,California,Non-Hispanic White,44.0,15.4,15.2,161,-96.5,-169.0,178.5000000000009,133.79999999999927
678,2017,California,Non-Hispanic White,27.5,10.9,8.3,161,8.300000000000182,-96.5,-156.80000000000018,-169.0
679,2019,California,Non-Hispanic White,30.6,9.0,9.0,161,-96.0,8.300000000000182,333.89999999999964,-96.5
680,2009,Colorado,Non-Hispanic White,22.7,10.1,23.8,162,-592.3000000000002,198.69999999999982,150.40000000000055,31.5
681,2015,Connecticut,Non-Hispanic White,9.6,11.7,11.0,163,-96.5,-169.0,178.5000000000009,133.79999999999927
682,2017,Connecticut,Non-Hispanic White,6.9,13.7,8.5,163,8.300000000000182,-96.5,-156.80000000000018,-169.0
683,2007,Delaware,Non-Hispanic White,27.8,14.1,33.3,164,198.69999999999982,31.5,-278.6999999999998,-83.60000000000036
684,2009,Delaware,Non-Hispanic White,27.1,13.2,28.0,164,-592.3000000000002,198.69999999999982,150.40000000000055,31.5
685,2011,Delaware,Non-Hispanic White,24.2,16.2,25.6,164,133.79999999999927,-592.3000000000002,351.3000000000002,198.69999999999982
686,2013,Delaware,Non-Hispanic White,12.5,13.6,22.3,164,-169.0,133.79999999999927,-79.5,-592.3000000000002
687,2015,Delaware,Non-Hispanic White,9.9,13.7,17.2,164,-96.5,-169.0,178.5000000000009,133.79999999999927
688,2007,Florida,Non-Hispanic White,24.0,13.1,32.7,165,198.69999999999982,31.5,-278.6999999999998,-83.60000000000036
689,2009,Florida,Non-Hispanic White,29.3,14.3,29.8,165,-592.3000000000002,198.69999999999982,150.40000000000055,31.5
690,2011,Florida,Non-Hispanic White,23.9,11.8,26.3,165,133.79999999999927,-592.3000000000002,351.3000000000002,198.69999999999982
691,2013,Florida,Non-Hispanic White,24.5,12.7,23.9,165,-169.0,133.79999999999927,-79.5,-592.3000000000002
692,2015,Florida,Non-Hispanic White,23.7,13.4,21.0,165,-96.5,-169.0,178.5000000000009,133.79999999999927
693,2017,Florida,Non-Hispanic White,22.0,11.5,18.0,165,8.300000000000182,-96.5,-156.80000000000018,-169.0
694,2019,Florida,Non-Hispanic White,24.1,14.1,19.0,165,-96.0,8.300000000000182,333.89999999999964,-96.5
695,2007,Georgia,Non-Hispanic White,34.9,15.4,39.2,166,198.69999999999982,31.5,-278.6999999999998,-83.60000000000036
696,2009,Georgia,Non-Hispanic White,32.6,11.8,32.4,166,-592.3000000000002,198.69999999999982,150.40000000000055,31.5
697,2011,Georgia,Non-Hispanic White,28.2,14.8,32.1,166,133.79999999999927,-592.3000000000002,351.3000000000002,198.69999999999982
698,2013,Georgia,Non-Hispanic White,36.8,14.6,26.8,166,-169.0,133.79999999999927,-79.5,-592.3000000000002
699,2009,Hawaii,Non-Hispanic White,3.3,9.3,29.0,167,-592.3000000000002,198.69999999999982,150.40000000000055,31.5
700,2011,Hawaii,Non-Hispanic White,6.9,8.0,17.7,167,133.79999999999927,-592.3000000000002,351.3000000000002,198.69999999999982
701,2013,Hawaii,Non-Hispanic White,2.2,9.5,16.1,167,-169.0,133.79999999999927,-79.5,-592.3000000000002
702,2015,Hawaii,Non-Hispanic White,4.2,12.0,9.3,167,-96.5,-169.0,178.5000000000009,133.79999999999927
703,2017,Hawaii,Non-Hispanic White,2.2,10.0,8.7,167,8.300000000000182,-96.5,-156.80000000000018,-169.0
704,2019,Hawaii,Non-Hispanic White,4.9,9.1,11.7,167,-96.0,8.300000000000182,333.89999999999964,-96.5
705,2007,Idaho,Non-Hispanic White,31.8,10.9,22.7,168,198.69999999999982,31.5,-278.6999999999998,-83.60000000000036
706,2009,Idaho,Non-Hispanic White,22.8,11.0,17.5,168,-592.3000000000002,198.69999999999982,150.40000000000055,31.5
707,2011,Idaho,Non-Hispanic White,25.7,12.2,16.9,168,133.79999999999927,-592.3000000000002,351.3000000000002,198.69999999999982
708,2013,Idaho,Non-Hispanic White,20.7,15.7,14.0,168,-169.0,133.79999999999927,-79.5,-592.3000000000002
709,2015,Idaho,Non-Hispanic White,18.9,14.6,12.9,168,-96.5,-169.0,178.5000000000009,133.79999999999927
710,2017,Idaho,Non-Hispanic White,19.0,13.7,11.0,168,8.300000000000182,-96.5,-156.80000000000018,-169.0
711,2019,Idaho,Non-Hispanic White,19.3,12.1,11.2,168,-96.0,8.300000000000182,333.89999999999964,-96.5
712,2007,Illinois,Non-Hispanic White,47.8,14.0,35.5,169,198.69999999999982,31.5,-278.6999999999998,-83.60000000000036
713,2009,Illinois,Non-Hispanic White,72.1,13.0,32.2,169,-592.3000000000002,198.69999999999982,150.40000000000055,31.5
714,2011,Illinois,Non-Hispanic White,75.3,12.1,27.4,169,133.79999999999927,-592.3000000000002,351.3000000000002,198.69999999999982
715,2013,Illinois,Non-Hispanic White,69.3,13.2,22.5,169,-169.0,133.79999999999927,-79.5,-592.3000000000002
716,2015,Illinois,Non-Hispanic White,66.3,12.9,19.1,169,-96.5,-169.0,178.5000000000009,133.79999999999927
717,2017,Illinois,Non-Hispanic White,74.6,14.4,18.2,169,8.300000000000182,-96.5,-156.80000000000018,-169.0
718,2019,Illinois,Non-Hispanic White,65.6,13.9,14.8,169,-96.0,8.300000000000182,333.89999999999964,-96.5
719,2007,Indiana,Non-Hispanic White,24.4,14.2,35.2,170,198.69999999999982,31.5,-278.6999999999998,-83.60000000000036
720,2009,Indiana,Non-Hispanic White,23.1,14.7,32.4,170,-592.3000000000002,198.69999999999982,150.40000000000055,31.5
721,2011,Indiana,Non-Hispanic White,19.2,15.2,29.6,170,133.79999999999927,-592.3000000000002,351.3000000000002,198.69999999999982
722,2015,Indiana,Non-Hispanic White,29.3,17.1,20.9,170,-96.5,-169.0,178.5000000000009,133.79999999999927
723,2007,Iowa,Non-Hispanic White,20.0,12.1,33.1,171,198.69999999999982,31.5,-278.6999999999998,-83.60000000000036
724,2011,Iowa,Non-Hispanic White,22.3,14.1,27.9,171,133.79999999999927,-592.3000000000002,351.3000000000002,198.69999999999982
725,2017,Iowa,Non-Hispanic White,15.8,16.5,18.2,171,8.300000000000182,-96.5,-156.80000000000018,-169.0
726,2019,Iowa,Non-Hispanic White,10.7,16.7,16.7,171,-96.0,8.300000000000182,333.89999999999964,-96.5
727,2007,Kansas,Non-Hispanic White,24.6,13.5,33.5,172,198.69999999999982,31.5,-278.6999999999998,-83.60000000000036
728,2009,Kansas,Non-Hispanic White,19.0,12.5,31.1,172,-592.3000000000002,198.69999999999982,150.40000000000055,31.5
729,2011,Kansas,Non-Hispanic White,25.4,12.9,23.1,172,133.79999999999927,-592.3000000000002,351.3000000000002,198.69999999999982
730,2013,Kansas,Non-Hispanic White,29.4,15.1,22.4,172,-169.0,133.79999999999927,-79.5,-592.3000000000002
731,2017,Kansas,Non-Hispanic White,25.2,13.5,17.5,172,8.300000000000182,-96.5,-156.80000000000018,-169.0
732,2019,Kansas,Non-Hispanic White,20.8,13.8,16.8,172,-96.0,8.300000000000182,333.89999999999964,-96.5
733,2007,Kentucky,Non-Hispanic White,20.3,15.4,42.2,173,198.69999999999982,31.5,-278.6999999999998,-83.60000000000036
734,2009,Kentucky,Non-Hispanic White,24.2,15.2,37.5,173,-592.3000000000002,198.69999999999982,150.40000000000055,31.5
735,2011,Kentucky,Non-Hispanic White,20.3,15.2,38.2,173,133.79999999999927,-592.3000000000002,351.3000000000002,198.69999999999982
736,2013,Kentucky,Non-Hispanic White,19.3,15.7,35.0,173,-169.0,133.79999999999927,-79.5,-592.3000000000002
737,2015,Kentucky,Non-Hispanic White,22.1,16.2,33.6,173,-96.5,-169.0,178.5000000000009,133.79999999999927
738,2017,Kentucky,Non-Hispanic White,19.6,15.6,30.0,173,8.300000000000182,-96.5,-156.80000000000018,-169.0
739,2019,Kentucky,Non-Hispanic White,17.5,18.7,27.8,173,-96.0,8.300000000000182,333.89999999999964,-96.5
740,2007,Louisiana,Non-Hispanic White,45.1,14.5,39.8,174,198.69999999999982,31.5,-278.6999999999998,-83.60000000000036
741,2009,Louisiana,Non-Hispanic White,40.1,14.1,41.4,174,-592.3000000000002,198.69999999999982,150.40000000000055,31.5
742,2011,Louisiana,Non-Hispanic White,43.4,15.4,42.1,174,133.79999999999927,-592.3000000000002,351.3000000000002,198.69999999999982
743,2017,Louisiana,Non-Hispanic White,36.3,18.3,29.1,174,8.300000000000182,-96.5,-156.80000000000018,-169.0
744,2019,Louisiana,Non-Hispanic White,28.5,16.3,20.4,174,-96.0,8.300000000000182,333.89999999999964,-96.5
745,2007,Maine,Non-Hispanic White,6.8,12.8,19.6,175,198.69999999999982,31.5,-278.6999999999998,-83.60000000000036
746,2009,Maryland,Non-Hispanic White,25.3,14.4,22.4,176,-592.3000000000002,198.69999999999982,150.40000000000055,31.5
747,2011,Maryland,Non-Hispanic White,23.1,12.5,25.9,176,133.79999999999927,-592.3000000000002,351.3000000000002,198.69999999999982
748,2013,Maryland,Non-Hispanic White,20.1,12.3,18.0,176,-169.0,133.79999999999927,-79.5,-592.3000000000002
749,2015,Maryland,Non-Hispanic White,17.7,12.8,16.8,176,-96.5,-169.0,178.5000000000009,133.79999999999927
750,2017,Maryland,Non-Hispanic White,16.4,12.9,14.2,176,8.300000000000182,-96.5,-156.80000000000018,-169.0
751,2019,Maryland,Non-Hispanic White,16.3,12.9,12.4,176,-96.0,8.300000000000182,333.89999999999964,-96.5
752,2007,Massachusetts,Non-Hispanic White,18.3,12.9,24.5,177,198.69999999999982,31.5,-278.6999999999998,-83.60000000000036
753,2009,Massachusetts,Non-Hispanic White,18.5,12.4,19.9,177,-592.3000000000002,198.69999999999982,150.40000000000055,31.5
754,2011,Massachusetts,Non-Hispanic White,17.1,13.9,17.6,177,133.79999999999927,-592.3000000000002,351.3000000000002,198.69999999999982
755,2013,Massachusetts,Non-Hispanic White,17.0,12.2,13.4,177,-169.0,133.79999999999927,-79.5,-592.3000000000002
756,2015,Massachusetts,Non-Hispanic White,19.6,13.5,13.3,177,-96.5,-169.0,178.5000000000009,133.79999999999927
757,2017,Massachusetts,Non-Hispanic White,16.7,12.3,10.4,177,8.300000000000182,-96.5,-156.80000000000018,-169.0
758,2019,Massachusetts,Non-Hispanic White,22.7,14.4,9.4,177,-96.0,8.300000000000182,333.89999999999964,-96.5
759,2007,Michigan,Non-Hispanic White,28.5,15.3,29.9,178,198.69999999999982,31.5,-278.6999999999998,-83.60000000000036
760,2009,Michigan,Non-Hispanic White,31.1,13.0,26.4,178,-592.3000000000002,198.69999999999982,150.40000000000055,31.5
761,2011,Michigan,Non-Hispanic White,28.5,12.8,23.4,178,133.79999999999927,-592.3000000000002,351.3000000000002,198.69999999999982
762,2013,Michigan,Non-Hispanic White,28.4,15.0,19.7,178,-169.0,133.79999999999927,-79.5,-592.3000000000002
763,2015,Michigan,Non-Hispanic White,21.9,15.0,18.3,178,-96.5,-169.0,178.5000000000009,133.79999999999927
764,2017,Michigan,Non-Hispanic White,21.5,16.4,16.8,178,8.300000000000182,-96.5,-156.80000000000018,-169.0
765,2019,Michigan,Non-Hispanic White,24.6,14.9,13.2,178,-96.0,8.300000000000182,333.89999999999964,-96.5
766,2007,Mississippi,Non-Hispanic White,19.0,12.2,50.3,179,198.69999999999982,31.5,-278.6999999999998,-83.60000000000036
767,2009,Mississippi,Non-Hispanic White,23.2,14.2,41.0,179,-592.3000000000002,198.69999999999982,150.40000000000055,31.5
768,2011,Mississippi,Non-Hispanic White,27.8,12.6,39.6,179,133.79999999999927,-592.3000000000002,351.3000000000002,198.69999999999982
769,2013,Mississippi,Non-Hispanic White,29.5,11.6,34.1,179,-169.0,133.79999999999927,-79.5,-592.3000000000002
770,2015,Mississippi,Non-Hispanic White,27.5,14.9,32.1,179,-96.5,-169.0,178.5000000000009,133.79999999999927
771,2019,Mississippi,Non-Hispanic White,26.9,16.9,27.9,179,-96.0,8.300000000000182,333.89999999999964,-96.5
772,2007,Missouri,Non-Hispanic White,24.9,13.0,33.1,180,198.69999999999982,31.5,-278.6999999999998,-83.60000000000036
773,2009,Missouri,Non-Hispanic White,33.3,12.4,31.4,180,-592.3000000000002,198.69999999999982,150.40000000000055,31.5
774,2013,Missouri,Non-Hispanic White,33.0,15.0,24.0,180,-169.0,133.79999999999927,-79.5,-592.3000000000002
775,2015,Missouri,Non-Hispanic White,24.8,12.2,21.2,180,-96.5,-169.0,178.5000000000009,133.79999999999927
776,2019,Missouri,Non-Hispanic White,29.0,15.7,23.4,180,-96.0,8.300000000000182,333.89999999999964,-96.5
777,2007,Montana,Non-Hispanic White,33.0,12.7,25.8,181,198.69999999999982,31.5,-278.6999999999998,-83.60000000000036
778,2009,Montana,Non-Hispanic White,32.5,11.4,23.5,181,-592.3000000000002,198.69999999999982,150.40000000000055,31.5
779,2011,Montana,Non-Hispanic White,33.2,12.6,22.5,181,133.79999999999927,-592.3000000000002,351.3000000000002,198.69999999999982
780,2013,Montana,Non-Hispanic White,34.3,12.0,17.3,181,-169.0,133.79999999999927,-79.5,-592.3000000000002
781,2015,Montana,Non-Hispanic White,32.9,14.6,17.8,181,-96.5,-169.0,178.5000000000009,133.79999999999927
782,2017,Montana,Non-Hispanic White,34.6,13.8,14.3,181,8.300000000000182,-96.5,-156.80000000000018,-169.0
783,2019,Montana,Non-Hispanic White,32.4,12.5,12.5,181,-96.0,8.300000000000182,333.89999999999964,-96.5
784,2007,National,Non-Hispanic White,28.9,14.1,34.0,182,198.69999999999982,31.5,-278.6999999999998,-83.60000000000036
785,2009,National,Non-Hispanic White,30.6,13.5,29.0,182,-592.3000000000002,198.69999999999982,150.40000000000055,31.5
786,2011,National,Non-Hispanic White,33.0,14.2,28.8,182,133.79999999999927,-592.3000000000002,351.3000000000002,198.69999999999982
787,2013,National,Non-Hispanic White,27.1,15.6,29.0,182,-169.0,133.79999999999927,-79.5,-592.3000000000002
788,2015,National,Non-Hispanic White,25.4,15.2,19.7,182,-96.5,-169.0,178.5000000000009,133.79999999999927
789,2017,National,Non-Hispanic White,27.2,14.0,19.6,182,8.300000000000182,-96.5,-156.80000000000018,-169.0
790,2019,National,Non-Hispanic White,24.3,14.6,15.2,182,-96.0,8.300000000000182,333.89999999999964,-96.5
791,2011,Nebraska,Non-Hispanic White,33.6,12.4,26.1,183,133.79999999999927,-592.3000000000002,351.3000000000002,198.69999999999982
792,2013,Nebraska,Non-Hispanic White,35.7,12.7,22.8,183,-169.0,133.79999999999927,-79.5,-592.3000000000002
793,2015,Nebraska,Non-Hispanic White,34.6,15.6,19.5,183,-96.5,-169.0,178.5000000000009,133.79999999999927
794,2017,Nebraska,Non-Hispanic White,29.5,14.9,17.6,183,8.300000000000182,-96.5,-156.80000000000018,-169.0
795,2019,Nebraska,Non-Hispanic White,28.8,13.0,15.3,183,-96.0,8.300000000000182,333.89999999999964,-96.5
796,2013,Nevada,Non-Hispanic White,24.4,9.2,17.3,184,-169.0,133.79999999999927,-79.5,-592.3000000000002
797,2015,Nevada,Non-Hispanic White,27.5,13.2,14.8,184,-96.5,-169.0,178.5000000000009,133.79999999999927
798,2017,Nevada,Non-Hispanic White,26.6,11.9,14.6,184,8.300000000000182,-96.5,-156.80000000000018,-169.0
799,2019,Nevada,Non-Hispanic White,26.8,15.1,12.8,184,-96.0,8.300000000000182,333.89999999999964,-96.5
800,2007,New Hampshire,Non-Hispanic White,17.4,13.8,23.7,185,198.69999999999982,31.5,-278.6999999999998,-83.60000000000036
801,2009,New Hampshire,Non-Hispanic White,22.8,12.8,21.4,185,-592.3000000000002,198.69999999999982,150.40000000000055,31.5
802,2011,New Jersey,Non-Hispanic White,54.6,13.8,18.1,186,133.79999999999927,-592.3000000000002,351.3000000000002,198.69999999999982
803,2013,New Jersey,Non-Hispanic White,44.5,12.7,10.4,186,-169.0,133.79999999999927,-79.5,-592.3000000000002
804,2007,New Mexico,Non-Hispanic White,26.4,11.4,24.9,187,198.69999999999982,31.5,-278.6999999999998,-83.60000000000036
805,2009,New Mexico,Non-Hispanic White,36.2,10.8,29.0,187,-592.3000000000002,198.69999999999982,150.40000000000055,31.5
806,2011,New Mexico,Non-Hispanic White,27.1,10.8,26.2,187,133.79999999999927,-592.3000000000002,351.3000000000002,198.69999999999982
807,2013,New Mexico,Non-Hispanic White,21.4,10.0,19.5,187,-169.0,133.79999999999927,-79.5,-592.3000000000002
808,2015,New Mexico,Non-Hispanic White,26.8,13.5,20.5,187,-96.5,-169.0,178.5000000000009,133.79999999999927
809,2017,New Mexico,Non-Hispanic White,24.3,15.1,17.1,187,8.300000000000182,-96.5,-156.80000000000018,-169.0
810,2019,New Mexico,Non-Hispanic White,21.8,11.7,18.5,187,-96.0,8.300000000000182,333.89999999999964,-96.5
811,2007,New York,Non-Hispanic White,6.8,15.5,23.0,188,198.69999999999982,31.5,-278.6999999999998,-83.60000000000036
812,2009,New York,Non-Hispanic White,7.6,12.7,21.7,188,-592.3000000000002,198.69999999999982,150.40000000000055,31.5
813,2011,New York,Non-Hispanic White,9.7,13.6,19.8,188,133.79999999999927,-592.3000000000002,351.3000000000002,198.69999999999982
814,2013,New York,Non-Hispanic White,11.1,12.6,20.3,188,-169.0,133.79999999999927,-79.5,-592.3000000000002
815,2015,New York,Non-Hispanic White,10.6,12.2,12.4,188,-96.5,-169.0,178.5000000000009,133.79999999999927
816,2017,New York,Non-Hispanic White,7.8,14.1,11.7,188,8.300000000000182,-96.5,-156.80000000000018,-169.0
817,2019,New York,Non-Hispanic White,9.7,14.7,14.0,188,-96.0,8.300000000000182,333.89999999999964,-96.5
818,2007,North Carolina,Non-Hispanic White,28.8,13.4,39.1,189,198.69999999999982,31.5,-278.6999999999998,-83.60000000000036
819,2015,North Carolina,Non-Hispanic White,22.7,18.1,29.4,189,-96.5,-169.0,178.5000000000009,133.79999999999927
820,2017,North Carolina,Non-Hispanic White,26.3,12.9,23.5,189,8.300000000000182,-96.5,-156.80000000000018,-169.0
821,2019,North Carolina,Non-Hispanic White,20.9,14.8,22.9,189,-96.0,8.300000000000182,333.89999999999964,-96.5
822,2015,North Dakota,Non-Hispanic White,36.0,13.7,17.0,190,-96.5,-169.0,178.5000000000009,133.79999999999927
823,2019,North Dakota,Non-Hispanic White,35.4,15.0,14.8,190,-96.0,8.300000000000182,333.89999999999964,-96.5
824,2007,Ohio,Non-Hispanic White,25.3,15.0,30.9,191,198.69999999999982,31.5,-278.6999999999998,-83.60000000000036
825,2011,Ohio,Non-Hispanic White,23.5,14.7,25.5,191,133.79999999999927,-592.3000000000002,351.3000000000002,198.69999999999982
826,2007,Oklahoma,Non-Hispanic White,33.7,14.2,40.7,192,198.69999999999982,31.5,-278.6999999999998,-83.60000000000036
827,2009,Oklahoma,Non-Hispanic White,30.3,13.2,40.9,192,-592.3000000000002,198.69999999999982,150.40000000000055,31.5
828,2011,Oklahoma,Non-Hispanic White,27.5,14.7,35.3,192,133.79999999999927,-592.3000000000002,351.3000000000002,198.69999999999982
829,2013,Oklahoma,Non-Hispanic White,29.2,14.4,32.2,192,-169.0,133.79999999999927,-79.5,-592.3000000000002
830,2015,Oklahoma,Non-Hispanic White,32.1,14.7,30.5,192,-96.5,-169.0,178.5000000000009,133.79999999999927
831,2017,Oklahoma,Non-Hispanic White,27.4,12.8,24.6,192,8.300000000000182,-96.5,-156.80000000000018,-169.0
832,2019,Oklahoma,Non-Hispanic White,25.9,17.0,22.3,192,-96.0,8.300000000000182,333.89999999999964,-96.5
833,2009,Pennsylvania,Non-Hispanic White,20.2,15.2,24.4,193,-592.3000000000002,198.69999999999982,150.40000000000055,31.5
834,2015,Pennsylvania,Non-Hispanic White,17.1,15.0,16.2,193,-96.5,-169.0,178.5000000000009,133.79999999999927
835,2017,Pennsylvania,Non-Hispanic White,19.1,15.2,15.0,193,8.300000000000182,-96.5,-156.80000000000018,-169.0
836,2019,Pennsylvania,Non-Hispanic White,26.2,12.7,14.3,193,-96.0,8.300000000000182,333.89999999999964,-96.5
837,2007,Rhode Island,Non-Hispanic White,21.5,15.8,23.4,194,198.69999999999982,31.5,-278.6999999999998,-83.60000000000036
838,2009,Rhode Island,Non-Hispanic White,20.3,14.6,19.2,194,-592.3000000000002,198.69999999999982,150.40000000000055,31.5
839,2011,Rhode Island,Non-Hispanic White,17.1,13.8,19.6,194,133.79999999999927,-592.3000000000002,351.3000000000002,198.69999999999982
840,2013,Rhode Island,Non-Hispanic White,25.0,14.9,15.7,194,-169.0,133.79999999999927,-79.5,-592.3000000000002
841,2015,Rhode Island,Non-Hispanic White,18.4,13.4,10.6,194,-96.5,-169.0,178.5000000000009,133.79999999999927
842,2017,Rhode Island,Non-Hispanic White,13.7,15.2,11.4,194,8.300000000000182,-96.5,-156.80000000000018,-169.0
843,2007,South Carolina,Non-Hispanic White,21.0,14.7,37.6,195,198.69999999999982,31.5,-278.6999999999998,-83.60000000000036
844,2009,South Carolina,Non-Hispanic White,18.9,13.7,36.1,195,-592.3000000000002,198.69999999999982,150.40000000000055,31.5
845,2011,South Carolina,Non-Hispanic White,24.9,12.6,35.8,195,133.79999999999927,-592.3000000000002,351.3000000000002,198.69999999999982
846,2015,South Carolina,Non-Hispanic White,22.3,15.5,30.3,195,-96.5,-169.0,178.5000000000009,133.79999999999927
847,2017,South Carolina,Non-Hispanic White,19.2,13.7,26.0,195,8.300000000000182,-96.5,-156.80000000000018,-169.0
848,2019,South Carolina,Non-Hispanic White,12.7,16.4,23.7,195,-96.0,8.300000000000182,333.89999999999964,-96.5
849,2007,South Dakota,Non-Hispanic White,14.2,14.0,27.7,196,198.69999999999982,31.5,-278.6999999999998,-83.60000000000036
850,2009,South Dakota,Non-Hispanic White,18.8,12.6,27.6,196,-592.3000000000002,198.69999999999982,150.40000000000055,31.5
851,2011,South Dakota,Non-Hispanic White,21.6,13.5,27.3,196,133.79999999999927,-592.3000000000002,351.3000000000002,198.69999999999982
852,2013,South Dakota,Non-Hispanic White,17.7,12.1,21.8,196,-169.0,133.79999999999927,-79.5,-592.3000000000002
853,2015,South Dakota,Non-Hispanic White,13.2,14.0,21.7,196,-96.5,-169.0,178.5000000000009,133.79999999999927
854,2019,South Dakota,Non-Hispanic White,19.6,14.4,13.8,196,-96.0,8.300000000000182,333.89999999999964,-96.5
855,2007,Tennessee,Non-Hispanic White,30.4,17.5,47.8,197,198.69999999999982,31.5,-278.6999999999998,-83.60000000000036
856,2009,Tennessee,Non-Hispanic White,20.2,15.9,41.2,197,-592.3000000000002,198.69999999999982,150.40000000000055,31.5
857,2011,Tennessee,Non-Hispanic White,25.7,16.6,40.9,197,133.79999999999927,-592.3000000000002,351.3000000000002,198.69999999999982
858,2013,Tennessee,Non-Hispanic White,20.2,16.0,34.5,197,-169.0,133.79999999999927,-79.5,-592.3000000000002
859,2015,Tennessee,Non-Hispanic White,25.5,16.6,31.7,197,-96.5,-169.0,178.5000000000009,133.79999999999927
860,2017,Tennessee,Non-Hispanic White,25.3,17.2,28.9,197,8.300000000000182,-96.5,-156.80000000000018,-169.0
861,2019,Tennessee,Non-Hispanic White,21.2,17.7,27.1,197,-96.0,8.300000000000182,333.89999999999964,-96.5
862,2007,Texas,Non-Hispanic White,41.9,13.0,41.6,198,198.69999999999982,31.5,-278.6999999999998,-83.60000000000036
863,2009,Texas,Non-Hispanic White,44.0,10.7,32.6,198,-592.3000000000002,198.69999999999982,150.40000000000055,31.5
864,2011,Texas,Non-Hispanic White,39.6,12.4,31.2,198,133.79999999999927,-592.3000000000002,351.3000000000002,198.69999999999982
865,2013,Texas,Non-Hispanic White,41.4,14.3,28.6,198,-169.0,133.79999999999927,-79.5,-592.3000000000002
866,2017,Texas,Non-Hispanic White,37.0,15.6,19.1,198,8.300000000000182,-96.5,-156.80000000000018,-169.0
867,2019,Texas,Non-Hispanic White,38.9,14.1,25.4,198,-96.0,8.300000000000182,333.89999999999964,-96.5
868,2007,Utah,Non-Hispanic White,27.4,10.2,17.2,199,198.69999999999982,31.5,-278.6999999999998,-83.60000000000036
869,2009,Utah,Non-Hispanic White,21.7,9.5,15.2,199,-592.3000000000002,198.69999999999982,150.40000000000055,31.5
870,2011,Utah,Non-Hispanic White,15.1,11.4,14.3,199,133.79999999999927,-592.3000000000002,351.3000000000002,198.69999999999982
871,2013,Utah,Non-Hispanic White,18.5,9.4,13.3,199,-169.0,133.79999999999927,-79.5,-592.3000000000002
872,2017,Utah,Non-Hispanic White,18.0,11.9,14.9,199,8.300000000000182,-96.5,-156.80000000000018,-169.0
873,2019,Utah,Non-Hispanic White,13.0,11.4,11.8,199,-96.0,8.300000000000182,333.89999999999964,-96.5
874,2007,Vermont,Non-Hispanic White,18.3,14.0,24.2,200,198.69999999999982,31.5,-278.6999999999998,-83.60000000000036
875,2009,Vermont,Non-Hispanic White,19.2,13.6,21.7,200,-592.3000000000002,198.69999999999982,150.40000000000055,31.5
876,2011,Vermont,Non-Hispanic White,13.1,12.9,15.6,200,133.79999999999927,-592.3000000000002,351.3000000000002,198.69999999999982
877,2011,Virginia,Non-Hispanic White,18.4,13.9,24.4,201,133.79999999999927,-592.3000000000002,351.3000000000002,198.69999999999982
878,2013,Virginia,Non-Hispanic White,14.0,13.5,23.1,201,-169.0,133.79999999999927,-79.5,-592.3000000000002
879,2015,Virginia,Non-Hispanic White,13.0,12.3,17.9,201,-96.5,-169.0,178.5000000000009,133.79999999999927
880,2017,Virginia,Non-Hispanic White,13.6,13.6,17.7,201,8.300000000000182,-96.5,-156.80000000000018,-169.0
881,2007,West Virginia,Non-Hispanic White,25.3,16.8,45.5,202,198.69999999999982,31.5,-278.6999999999998,-83.60000000000036
882,2009,West Virginia,Non-Hispanic White,24.2,14.1,34.6,202,-592.3000000000002,198.69999999999982,150.40000000000055,31.5
883,2011,West Virginia,Non-Hispanic White,27.3,16.3,39.0,202,133.79999999999927,-592.3000000000002,351.3000000000002,198.69999999999982
884,2013,West Virginia,Non-Hispanic White,29.8,15.2,38.4,202,-169.0,133.79999999999927,-79.5,-592.3000000000002
885,2015,West Virginia,Non-Hispanic White,25.5,16.7,30.3,202,-96.5,-169.0,178.5000000000009,133.79999999999927
886,2017,West Virginia,Non-Hispanic White,26.8,16.1,26.4,202,8.300000000000182,-96.5,-156.80000000000018,-169.0
887,2019,West Virginia,Non-Hispanic White,27.3,16.2,28.2,202,-96.0,8.300000000000182,333.89999999999964,-96.5
888,2009,Wisconsin,Non-Hispanic White,45.4,13.4,22.7,203,-592.3000000000002,198.69999999999982,150.40000000000055,31.5
889,2011,Wisconsin,Non-Hispanic White,38.4,13.5,22.1,203,133.79999999999927,-592.3000000000002,351.3000000000002,198.69999999999982
890,2013,Wisconsin,Non-Hispanic White,40.4,13.3,19.3,203,-169.0,133.79999999999927,-79.5,-592.3000000000002
891,2017,Wisconsin,Non-Hispanic White,36.9,14.7,15.4,203,8.300000000000182,-96.5,-156.80000000000018,-169.0
892,2007,Wyoming,Non-Hispanic White,21.5,10.9,27.4,204,198.69999999999982,31.5,-278.6999999999998,-83.60000000000036
893,2009,Wyoming,Non-Hispanic White,22.5,12.1,26.0,204,-592.3000000000002,198.69999999999982,150.40000000000055,31.5
894,2011,Wyoming,Non-Hispanic White,20.8,11.4,25.3,204,133.79999999999927,-592.3000000000002,351.3000000000002,198.69999999999982
895,2013,Wyoming,Non-Hispanic White,23.1,12.0,23.8,204,-169.0,133.79999999999927,-79.5,-592.3000000000002
896,2015,Wyoming,Non-Hispanic White,20.0,13.7,21.1,204,-96.5,-169.0,178.5000000000009,133.79999999999927
